name,price,ram,ram_unit,rom_type,rom,rom_unit,screen_size,screen_detail,cpu,gpu,battery,weight,rating,link_href,brand,series
Acer Aspire 3 A315 44P R9W8 R7 5700U (NX.KSJSV.002),10.990.000,8,GB,SSD,512,GB,15.6,Full HD (1920 x 1080),"CPU: Ryzen 7, 5700U, 1.8GHz",Card: Radeon,"Pin: 3-cell, 50Wh",1.7,4.9,https://www.thegioididong.com/laptop/acer-aspire-a315-44p-r9w8-r7-nxksjsv002,ACER,Aspire
Acer Aspire Lite 14 51M 59BN i5 1235U (NX.KTXSV.001),13.990.000,16,GB,SSD,512,GB,14.0,Full HD+ (1920 x 1200),"CPU: i5, 1235U, 1.3GHz",Card: Intel UHD,"Pin: 3-cell Li-ion, 58 Wh",1.5,5.0,https://www.thegioididong.com/laptop/acer-aspire-lite-14-51m-59bn-i5-nxktxsv001,ACER,Aspire
Acer Aspire 3 A314 42P R3B3 R7 5700U (NX.KSFSV.001),11.890.000,16,GB,SSD,512,GB,14.0,WUXGA,"CPU: Ryzen 7, 5700U, 1.8GHz",Card: Radeon,"Pin: 3-cell, 50Wh",1.4,4.9,https://www.thegioididong.com/laptop/acer-aspire-3-a314-42p-r3b3-r7-nxksfsv001,ACER,Aspire
Acer Aspire Lite 14 51M 36MH i3 1215U (NX.KTVSV.001),9.490.000,8,GB,SSD,256,GB,14.0,Full HD+ (1920 x 1200),"CPU: i3, 1215U, 1.2GHz",Card: Intel UHD,"Pin: 3-cell Li-ion, 58 Wh",1.5,5.0,https://www.thegioididong.com/laptop/acer-aspire-lite-14-51m-36mh-i3-nxktvsv001,ACER,Aspire
Acer Aspire Lite 14 51M 36PN i3 1215U (NX.KTWSV.001),9.990.000,8,GB,SSD,512,GB,14.0,Full HD+ (1920 x 1200),"CPU: i3, 1215U, 1.2GHz",Card: Intel UHD,"Pin: 3-cell Li-ion, 58 Wh",1.5,5.0,https://www.thegioididong.com/laptop/acer-aspire-lite-14-51m-36pn-i3-nxktwsv001,ACER,Aspire
Acer Aspire 3 A315 58 529V i5 1135G7 (NX.ADDSV.00N),8.990.000,8,GB,SSD,256,GB,15.6,Full HD (1920 x 1080),"CPU: i5, 1135G7, 2.4GHz",Card: Intel Iris Xe,"Pin: 2-cell, 36.7Wh",1.7,4.9,https://www.thegioididong.com/laptop/acer-aspire-3-a315-58-529v-i5-nxaddsv00n,ACER,Aspire
Acer Predator Helios Neo PHN16 71 53M7 i5 13500HX (NH.QLUSV.005),25.490.000,16,GB,SSD,512,GB,16.0,"WUXGA, 165Hz","CPU: i5, 13500HX, 2.5GHz",Card: RTX 4060 8GB,"Pin: 4-cell, 90Wh",2.6,4.9,https://www.thegioididong.com/laptop/acer-predator-helios-neo-phn16-71-53m7-i5-nhqlusv005,ACER,Predator
Acer Aspire 5 A515 58P 34RJ i3 1315U (NX.KHJSV.003),9.990.000,8,GB,SSD,512,GB,15.6,Full HD (1920 x 1080),"CPU: i3, 1315U, 1.2GHz",Card: Intel UHD,"Pin: 3-cell, 50Wh",1.7,4.9,https://www.thegioididong.com/laptop/acer-aspire-5-a515-58p-34rj-i3-nxkhjsv003,ACER,Aspire
Acer Gaming Aspire 5 A515 58GM 51LB i5 13420H (NX.KQ4SV.002),16.990.000,16,GB,SSD,512,GB,15.6,Full HD (1920 x 1080),"CPU: i5, 13420H, 2.1GHz",Card: RTX 2050 4GB,"Pin: 3-cell, 50Wh",1.7,4.9,https://www.thegioididong.com/laptop/acer-aspire-5-a515-58gm-51lb-i5-nxkq4sv002,ACER,Aspire
Acer Aspire 5 A514 56P 742F i7 1355U (NX.KHRSV.005),13.990.000,16,GB,SSD,512,GB,14.0,WUXGA,"CPU: i7, 1355U, 1.7GHz",Card: Intel Iris Xe,"Pin: 3-cell, 50Wh",1.5,5.0,https://www.thegioididong.com/laptop/acer-aspire-5-a514-56p-742f-i7-nxkhrsv005,ACER,Aspire
Acer Aspire 7 A715 76 53PJ i5 12450H (NH.QGESV.007),13.990.000,16,GB,SSD,512,GB,15.6,Full HD (1920 x 1080),"CPU: i5, 12450H, 2GHz",Card: Intel UHD,"Pin: 3-cell, 50Wh",2.1,,https://www.thegioididong.com/laptop/acer-aspire-7-a715-76-53pj-i5-nhqgesv007,ACER,Aspire
Acer Swift Go SFG14 71 513F i5 13500H (NX.KPZSV.003),16.590.000,16,GB,SSD,512,GB,14.0,"2.8K (2880 x 1800) - OLED, 90Hz","CPU: i5, 13500H, 2.6GHz",Card: Intel Iris Xe,Pin: 65Wh,1.3,5.0,https://www.thegioididong.com/laptop/acer-swift-go-sfg14-71-513f-i5-nxkpzsv003,ACER,Swift
Acer Aspire 5 A515 58P 774R i7 1355U (NX.KHJSV.005),13.990.000,16,GB,SSD,512,GB,15.6,Full HD (1920 x 1080),"CPU: i7, 1355U, 1.7GHz",Card: Intel Iris Xe,"Pin: 3-cell, 50Wh",1.7,5.0,https://www.thegioididong.com/laptop/acer-aspire-5-a515-58p-774r-i7-nxkhjsv005,ACER,Aspire
Acer Aspire 5 A515 58M 56YX i5 13420H (NX.KQ8SV.005),14.290.000,16,GB,SSD,512,GB,15.6,Full HD (1920 x 1080),"CPU: i5, 13420H, 2.1GHz",Card: Intel UHD,"Pin: 3-cell, 50Wh",1.7,5.0,https://www.thegioididong.com/laptop/acer-aspire-5-a515-58m-56yx-i5-nxkq8sv005?utm_flashsale=1,ACER,Aspire
Acer Gaming Nitro AN515 58 773Y i7 12700H (NH.QFKSV.001.16G),22.390.000,16,GB,SSD,512,GB,15.6,"Full HD (1920 x 1080), 144Hz","CPU: i7, 12700H, 2.30 GHz",Card: RTX 3050Ti 4GB,"Pin: 4-cell, 57.5Wh",2.5,5.0,https://www.thegioididong.com/laptop/acer-nitro-an515-58-773y-i7-12700h-nhqfksv00116g,ACER,Nitro
Acer Gaming Aspire 5 A515 58GM 53PZ i5 13420H (NX.KQ4SV.008),15.390.000,8,GB,SSD,512,GB,15.6,Full HD (1920 x 1080),"CPU: i5, 13420H, 2.1GHz",Card: RTX 2050 4GB,Pin: 50 Wh,1.7,4.9,https://www.thegioididong.com/laptop/acer-aspire-a515-58gm-53pz-i5-nxkq4sv008,ACER,Aspire
Acer Gaming Aspire 7 A715 76G 5806 i5 12450H (NH.QMFSV.002),18.390.000,16,GB,SSD,512,GB,15.6,"Full HD (1920 x 1080), 144Hz","CPU: i5, 12450H, 2GHz",Card: RTX 3050 4GB,"Pin: 3-cell, 50Wh",2.1,4.9,https://www.thegioididong.com/laptop/acer-aspire-7-gaming-a715-76g-5806-i5-nhqmfsv002,ACER,Aspire
Acer Aspire Lite AL16 51P 596H i5 1235U (NX.KWZSV.002),12.990.000,8,GB,SSD,512,GB,16.0,WUXGA,"CPU: i5, 1235U, 1.3GHz",Card: Intel UHD,"Pin: 3-cell Li-ion, 58 Wh",1.7,5.0,https://www.thegioididong.com/laptop/acer-aspire-lite-al16-51p-596h-i5-nxkwzsv002,ACER,Aspire
Acer Aspire 3 A315 59 5283 i5 1235U (NX.K6TSV.00B),12.490.000,8,GB,SSD,512,GB,15.6,Full HD (1920 x 1080),"CPU: i5, 1235U, 1.3GHz",Card: Intel UHD,"Pin: 3-cell, 40Wh",1.7,4.9,https://www.thegioididong.com/laptop/acer-aspire-3-a315-59-5283-i5-nxk6tsv00b,ACER,Aspire
Acer Aspire Lite 15 51M 5542 i5 1155G7 (NX.KS5SV.001),11.490.000,16,GB,SSD,512,GB,15.6,Full HD (1920 x 1080),"CPU: i5, 1155G7, 2.5GHz",Card: Intel Iris Xe,Pin: 36Wh,1.7,4.9,https://www.thegioididong.com/laptop/acer-aspire-lite-15-51m-5542-i5-nxks5sv001,ACER,Aspire
Acer Gaming Nitro V ANV15 51 55CA i5 13420H (NH.QN8SV.004),24.390.000,16,GB,SSD,512,GB,15.6,"Full HD (1920 x 1080), 144Hz","CPU: i5, 13420H, 2.1GHz",Card: RTX 4050 6GB,"Pin: 4-cell, 57Wh",2.1,5.0,https://www.thegioididong.com/laptop/acer-nitro-v-anv15-51-55ca-i5-nhqn8sv004,ACER,Nitro
Acer Swift Lite 14 AI SFL14 51M 56HS Ultra 5 125U (NX.J1HSV.002),18.990.000,16,GB,SSD,512,GB,14.0,Full HD+ (1920 x 1200),"CPU: Ultra 5, 125U, 1.3GHz",Card: Intel Arc Graphics,"Pin: 3-cell Li-ion, 58 Wh",1.27,5.0,https://www.thegioididong.com/laptop/acer-swift-lite-14-ai-sfl14-51m-56hs-ultra-5-nxj1hsv002,ACER,Swift
Acer Aspire Lite 15 51M 55NB i5 1155G7 (NX.KRSSV.001),10.990.000,8,GB,SSD,512,GB,15.6,Full HD (1920 x 1080),"CPU: i5, 1155G7, 2.5GHz",Card: Intel Iris Xe,Pin: 36Wh,1.7,4.9,https://www.thegioididong.com/laptop/acer-aspire-lite-15-51m-55nb-i5-nxkrssv001?utm_flashsale=1,ACER,Aspire
Acer Gaming Nitro 5 Tiger AN515 58 52SP i5 12500H (NH.QFHSV.001),18.190.000,8,GB,SSD,512,GB,15.6,"Full HD (1920 x 1080), 144Hz","CPU: i5, 12500H, 2.5GHz",Card: RTX 3050 4GB,"Pin: 4-cell, 57.5Wh",2.5,4.9,https://www.thegioididong.com/laptop/acer-nitro-5-tiger-an515-58-52sp-i5-nhqfhsv001?utm_flashsale=1,ACER,Nitro
Acer Swift Go 14 41 R251 R5 7430U (NX.KG3SV.005),16.990.000,16,GB,SSD,1,TB,14.0,Full HD (1920 x 1080),"CPU: Ryzen 5, 7430U, 2.30 GHz",Card: Radeon,Pin: 50 Wh,1.25,5.0,https://www.thegioididong.com/laptop/acer-swift-go-14-41-r251-r5-nxkg3sv005,ACER,Swift
Acer Gaming Nitro V ANV15 51 53NE i5 13420H (NH.QNASV.002),17.990.000,16,GB,SSD,512,GB,15.6,"Full HD (1920 x 1080), 144Hz","CPU: i5, 13420H, 2.1GHz",Card: RTX 2050 4GB,"Pin: 4-cell, 57Wh",2.1,5.0,https://www.thegioididong.com/laptop/acer-nitro-v-anv15-51-53ne-i5-nhqnasv002,ACER,Nitro
Acer Gaming Nitro 5 Tiger AN515 58 769J i7 12700H (NH.QFHSV.003),20.490.000,8,GB,SSD,512,GB,15.6,"Full HD (1920 x 1080), 144Hz","CPU: i7, 12700H, 2.30 GHz",Card: RTX 3050 4GB,"Pin: 4-cell, 57.5Wh",2.5,4.9,https://www.thegioididong.com/laptop/acer-nitro-5-an515-58-769j-i7-nhqfhsv003?utm_flashsale=1,ACER,Nitro
Acer Swift Go SFG14 71 74CP i7 13700H (NX.KPZSV.004),18.990.000,16,GB,SSD,512,GB,14.0,"2.8K (2880 x 1800) - OLED, 90Hz","CPU: i7, 13700H, 2.4GHz",Card: Intel Iris Xe,Pin: 65Wh,1.3,5.0,https://www.thegioididong.com/laptop/acer-swift-go-sfg14-71-74cp-i7-nxkpzsv004,ACER,Swift
Acer Aspire 5 A514 56P 54TN i5 1335U (NX.KHRSV.004),13.990.000,8,GB,SSD,512,GB,14.0,WUXGA,"CPU: i5, 1335U, 1.3GHz",Card: Intel Iris Xe,"Pin: 3-cell, 50Wh",1.5,5.0,https://www.thegioididong.com/laptop/acer-aspire-5-a514-56p-54tn-i5-nxkhrsv004,ACER,Aspire
Acer Aspire 5 A515 58M 79R7 i7 13620H (NX.KQ8SV.007),18.990.000,16,GB,SSD,512,GB,15.6,Full HD (1920 x 1080),"CPU: i7, 13620H, 2.4GHz",Card: Intel UHD,"Pin: 3-cell, 50Wh",1.7,4.9,https://www.thegioididong.com/laptop/acer-aspire-5-a515-58m-79r7-i7-nxkq8sv007,ACER,Aspire
Acer Swift AI SF14 51 53P9 Ultra 5 226V (NX.J2KSV.002),34.990.000,16,GB,SSD,1,TB,14.0,"2.8K (2880 x 1800) - OLED, 90Hz","CPU: Intel Core Ultra 5 Lunar Lake, 226V, 2.1GHz",Card: Intel Arc Graphics 130V,"Pin: 3-cell Li-ion, 65 Wh",1.26,,https://www.thegioididong.com/laptop/acer-swift-ai-sf14-51-53p9-ultra-5-nxj2ksv002,ACER,Swift
Acer Gaming Nitro V ANV15 51 58AN i5 13420H (NH.QNASV.001),15.890.000,8,GB,SSD,512,GB,15.6,"Full HD (1920 x 1080), 144Hz","CPU: i5, 13420H, 2.1GHz",Card: RTX 2050 4GB,"Pin: 4-cell, 57Wh",2.1,5.0,https://www.thegioididong.com/laptop/acer-nitro-v-anv15-51-58an-i5-nhqnasv001,ACER,Nitro
Acer Gaming Nitro 5 Tiger AN515 58 773Y i7 12700H (NH.QFKSV.001),22.490.000,8,GB,SSD,512,GB,15.6,"Full HD (1920 x 1080), 144Hz","CPU: i7, 12700H, 2.30 GHz",Card: RTX 3050Ti 4GB,"Pin: 4-cell, 57.5Wh",2.5,4.9,https://www.thegioididong.com/laptop/acer-nitro-5-tiger-an515-58-773y-i7-nhqfksv001,ACER,Nitro
Acer Aspire 5 A514 54 5127 i5 1135G7 (NX.A28SV.007),11.990.000,8,GB,SSD,512,GB,14.0,Full HD (1920 x 1080),"CPU: i5, 1135G7, 2.4GHz",Card: Intel Iris Xe,Pin: 48Wh,1.46,4.9,https://www.thegioididong.com/laptop/acer-aspire-a514-54-5127-i5-nxa28sv007?utm_flashsale=1,ACER,Aspire
Acer Gaming Nitro V ANV15 51 57B2 i5 13420H (NH.QN8SV.001),22.490.000,8,GB,SSD,512,GB,15.6,"Full HD (1920 x 1080), 144Hz","CPU: i5, 13420H, 2.1GHz",Card: RTX 4050 6GB,"Pin: 4-cell, 57Wh",2.1,5.0,https://www.thegioididong.com/laptop/acer-nitro-v-anv15-51-57b2-i5-nhqn8sv001?utm_flashsale=1,ACER,Nitro
Acer Swift AI SF14 51 75VP Ultra 7 258V (NX.J2KSV.001),39.990.000,32,GB,SSD,1,TB,14.0,"2.8K (2880 x 1800) - OLED, 90Hz","CPU: Intel Core Ultra 7 Lunar Lake, 258V, 2.2GHz",Card: Intel Arc 140V,"Pin: 3-cell Li-ion, 65 Wh",1.26,,https://www.thegioididong.com/laptop/acer-swift-ai-sf14-51-75vp-ultra-7-nxj2ksv001,ACER,Swift
Acer Swift Go 14 AI SFG14 73 71ZX Ultra 7 155H (NX.KSLSV.002),25.390.000,16,GB,SSD,512,GB,14.0,"2.8K (2880 x 1800), 120Hz","CPU: Ultra 7, 155H, 3.8GHz",Card: Intel Arc Graphics,"Pin: 4-cell, 65Wh",1.32,5.0,https://www.thegioididong.com/laptop/acer-swift-go-14-ai-73-71zx-ultra-7-nxkslsv002,ACER,Swift
Acer Swift Go 14 AI SFG14 73 53X7 Ultra 5 125H (NX.KSLSV.001),23.290.000,16,GB,SSD,512,GB,14.0,"2.8K (2880 x 1800), 120Hz","CPU: Ultra 5, 125H",Card: Intel Arc Graphics,"Pin: 4-cell, 65Wh",1.32,5.0,https://www.thegioididong.com/laptop/acer-swift-go-14-ai-73-53x7-ultra-5-nxkslsv001,ACER,Swift
Acer Aspire 3 A315 59 314F i3 1215U (NX.K6TSV.002),13.490.000,8,GB,SSD,256,GB,15.6,Full HD (1920 x 1080),"CPU: i3, 1215U, 1.2GHz",Card: Intel UHD,"Pin: 3-cell, 40Wh",1.7,4.9,https://www.thegioididong.com/laptop/acer-aspire-3-a315-59-314f-i3-nxk6tsv002,ACER,Aspire
Acer Nitro V 16 ProPanel ANV16 41 R6ZY R5 8645HS (NH.QP2SV.002),25.990.000,16,GB,SSD,512,GB,16.0,"WUXGA, 165Hz","CPU: Ryzen 5, 8645HS, 4.30 GHz",Card: RTX 3050 6GB,"Pin: 4-cell, 57Wh",2.5,,https://www.thegioididong.com/laptop/acer-nitro-v-16-propanel-anv16-41-r6zy-r5-nhqp2sv002,ACER,Nitro
MacBook Air 13 inch M1,18.190.000,8,GB,SSD,256,GB,13.3,Retina (2560 x 1600),CPU: Apple M1,Card: 7 nhân GPU,Pin: Lên đến 18 giờ,1.29,4.9,https://www.thegioididong.com/laptop/apple-macbook-air-2020-mgn63saa,APPLE,Air
MacBook Pro 14 inch M3,35.490.000,8,GB,SSD,512,GB,14.2,"Liquid Retina XDR display (3024 x 1964), 120Hz","CPU: Apple M3, 100GB/s",Card: 10 nhân GPU,Pin: Lên đến 22 giờ,1.55,5.0,https://www.thegioididong.com/laptop/macbook-pro-14-inch-m3-2023,APPLE,Pro
MacBook Air 13 inch M2 2022 8-core CPU,21.990.000,8,GB,SSD,256,GB,13.6,Liquid Retina (2560 x 1664),"CPU: Apple M2, 100GB/s",Card: 8 nhân GPU,Pin: Lên đến 18 giờ,1.24,4.9,https://www.thegioididong.com/laptop/apple-macbook-air-m2-2022,APPLE,Air
MacBook Air 13 inch M3,28.690.000,16,GB,SSD,256,GB,13.6,Liquid Retina (2560 x 1664),"CPU: Apple M3, 100GB/s",Card: 10 nhân GPU,Pin: Lên đến 18 giờ,1.24,5.0,https://www.thegioididong.com/laptop/macbook-air-13-inch-m3-2024-16gb-256gb,APPLE,Air
MacBook Air 13 inch M2 10GPU,25.790.000,16,GB,SSD,256,GB,13.6,Liquid Retina (2560 x 1664),"CPU: Apple M2, 100GB/s",Card: 10 nhân GPU,Pin: Lên đến 18 giờ,1.24,5.0,https://www.thegioididong.com/laptop/apple-macbook-air-m2-2022-16gb-256gb-10gpu,APPLE,Air
MacBook Air 13 inch M3 8GPU,27.690.000,16,GB,SSD,256,GB,13.6,Liquid Retina (2560 x 1664),"CPU: Apple M3, 100GB/s",Card: 8 nhân GPU,Pin: Lên đến 18 giờ,1.24,5.0,https://www.thegioididong.com/laptop/macbook-air-13-inch-m3-16gb-256gb-8gpu,APPLE,Air
MacBook Pro 14 inch M4 Pro,49.990.000,24,GB,SSD,512,GB,14.2,"Liquid Retina XDR display (3024 x 1964), 120Hz","CPU: Apple M4 Pro, 273 GB/s memory bandwidth",Card: 16 nhân GPU,"Pin: Li-Po, 72.4 Wh",1.6,,https://www.thegioididong.com/laptop/macbook-pro-14-inch-m4-pro-24gb-512gb,APPLE,Pro
MacBook Pro 14 inch Nano M4,43.790.000,16,GB,SSD,512,GB,14.2,"Liquid Retina XDR display (3024 x 1964), 120Hz","CPU: Apple M4, 120 GB/s memory bandwidth",Card: 10 nhân GPU,"Pin: Li-Po, 72.4 Wh",1.55,,https://www.thegioididong.com/laptop/macbook-pro-14-nano-m4-16-512,APPLE,Pro
MacBook Pro 14 inch M3 Pro,46.490.000,18,GB,SSD,512,GB,14.2,"Liquid Retina XDR display (3024 x 1964), 120Hz","CPU: Apple M3 Pro, 150 GB/s memory bandwidth",Card: 14 nhân GPU,Pin: Lên đến 18 giờ,1.61,4.9,https://www.thegioididong.com/laptop/apple-macbook-pro-14-inch-m3-pro-2023,APPLE,Pro
MacBook Pro 14 inch M4 Pro,54.990.000,24,GB,SSD,1,TB,14.2,"Liquid Retina XDR display (3024 x 1964), 120Hz","CPU: Apple M4 Pro, 273 GB/s memory bandwidth",Card: 16 nhân GPU,"Pin: Li-Po, 72.4 Wh",1.6,,https://www.thegioididong.com/laptop/macbook-pro-14-inch-m4-pro-24gb-1tb,APPLE,Pro
MacBook Pro 14 inch M4 Pro,59.990.000,48,GB,SSD,512,GB,14.2,"Liquid Retina XDR display (3024 x 1964), 120Hz","CPU: Apple M4 Pro, 273 GB/s memory bandwidth",Card: 16 nhân GPU,"Pin: Li-Po, 72.4 Wh",1.6,,https://www.thegioididong.com/laptop/macbook-pro-14-inch-m4-pro-48gb-512gb,APPLE,Pro
MacBook Air 15 inch M3,32.690.000,16,GB,SSD,256,GB,15.3,Liquid Retina,"CPU: Apple M3, 100GB/s",Card: 10 nhân GPU,Pin: Lên đến 18 giờ,1.51,5.0,https://www.thegioididong.com/laptop/macbook-air-15-inch-m3-2024-16gb-256gb,APPLE,Air
Apple MacBook Pro 14 inch Nano M4 Pro 24GB/512GB,53.790.000,24,GB,SSD,512,GB,14.2,"Liquid Retina XDR display (3024 x 1964), 120Hz","CPU: Apple M4 Pro, 273 GB/s memory bandwidth",Card: 16 nhân GPU,"Pin: Li-Po, 72.4 Wh",1.6,,https://www.thegioididong.com/laptop/macbook-pro-14-nano-m4-pro-24-512,APPLE,Pro
MacBook Pro 14 inch M4 Max,79.990.000,36,GB,SSD,1,TB,14.2,"Liquid Retina XDR display (3024 x 1964), 120Hz","CPU: Apple M4 Max, 410 GB/s memory bandwidth",Card: 32 nhân GPU,"Pin: Li-Po, 72.4 Wh",1.62,,https://www.thegioididong.com/laptop/macbook-pro-14-inch-m4-max-36gb-1tb,APPLE,Pro
MacBook Air 13 inch M2,33.990.000,24,GB,SSD,512,GB,13.6,Liquid Retina (2560 x 1664),"CPU: Apple M2, 100GB/s",Card: 8 nhân GPU,Pin: Lên đến 18 giờ,1.24,,https://www.thegioididong.com/laptop/macbook-air-13-m2-24gb-512gb,APPLE,Air
MacBook Air 13 inch M3,37.490.000,24,GB,SSD,512,GB,13.6,Liquid Retina (2560 x 1664),"CPU: Apple M3, 100GB/s",Card: 8 nhân GPU,Pin: Lên đến 18 giờ,1.24,,https://www.thegioididong.com/laptop/macbook-air-13-m3-24gb-512gb,APPLE,Air
MacBook Pro 16 inch M3 Pro,58.990.000,18,GB,SSD,512,GB,16.2,"Liquid Retina XDR display (3456 x 2234), 120Hz","CPU: Apple M3 Pro, 150 GB/s memory bandwidth",Card: 18 nhân GPU,Pin: Lên đến 22 giờ,2.14,5.0,https://www.thegioididong.com/laptop/apple-macbook-pro-16-inch-m3-pro-2023-12-core,APPLE,Pro
Apple MacBook Pro 14 inch Nano M4 Max 36GB/1TB,83.790.000,36,GB,SSD,1,TB,14.2,"Liquid Retina XDR display (3024 x 1964), 120Hz","CPU: Apple M4 Max, 410 GB/s memory bandwidth",Card: 32 nhân GPU,"Pin: Li-Po, 72.4 Wh",1.62,,https://www.thegioididong.com/laptop/macbook-pro-14-nano-m4-max-36-1t,APPLE,Pro
Apple MacBook Pro 16 inch Nano M4 Max 36GB/1TB,93.790.000,36,GB,SSD,1,TB,16.2,"Liquid Retina XDR display (3456 x 2234), 120Hz","CPU: Apple M4 Max, 410 GB/s memory bandwidth",Card: 32 nhân GPU,"Pin: Li-Po, 100 Wh",2.15,,https://www.thegioididong.com/laptop/macbook-pro-16-nano-m4-max-36-1t,APPLE,Pro
MacBook Air 15 inch M3,42.490.000,24,GB,SSD,512,GB,15.3,Liquid Retina,"CPU: Apple M3, 100GB/s",Card: 10 nhân GPU,Pin: Lên đến 18 giờ,1.51,5.0,https://www.thegioididong.com/laptop/macbook-air-15-inch-m3-24gb-512gb,APPLE,Air
Apple MacBook Pro 16 inch Nano M4 Pro 24GB/512GB,68.790.000,24,GB,SSD,512,GB,16.2,"Liquid Retina XDR display (3456 x 2234), 120Hz","CPU: Apple M4 Pro, 273 GB/s memory bandwidth",Card: 20 nhân GPU,"Pin: Li-Po, 100 Wh",2.14,,https://www.thegioididong.com/laptop/macbook-pro-16-nano-m4-pro-24-512,APPLE,Pro
MacBook Pro 16 inch M4 Pro 24GB/512GB,64.990.000,24,GB,SSD,512,GB,16.2,"Liquid Retina XDR display (3456 x 2234), 120Hz","CPU: Apple M4 Pro, 273 GB/s memory bandwidth",Card: 20 nhân GPU,"Pin: Li-Po, 100 Wh",2.14,,https://www.thegioididong.com/laptop/macbook-pro-16-inch-m4-pro-24gb-512gb,APPLE,Pro
Asus Vivobook Go 15 E1504FA R5 7520U (NJ776W),11.890.000,16,GB,SSD,512,GB,15.6,Full HD (1920 x 1080),"CPU: Ryzen 5, 7520U, 2.8GHz",Card: Radeon,"Pin: 3-cell, 42Wh",1.63,4.9,https://www.thegioididong.com/laptop/asus-vivobook-go-15-e1504fa-r5-nj776w?utm_flashsale=1,ASUS,VivoBook
Asus Vivobook 15 X1504ZA i3 1215U (NJ102W),9.990.000,8,GB,SSD,512,GB,15.6,Full HD (1920 x 1080),"CPU: i3, 1215U, 1.2GHz",Card: Intel UHD,"Pin: 3-cell, 42Wh",1.7,4.9,https://www.thegioididong.com/laptop/asus-vivobook-15-x1504za-i3-nj102w?utm_flashsale=1,ASUS,VivoBook
Asus Vivobook X1404ZA i5 1235U (NK376W),13.390.000,16,GB,SSD,512,GB,14.0,Full HD (1920 x 1080),"CPU: i5, 1235U, 1.3GHz",Card: Intel Iris Xe,"Pin: 3-cell, 42Wh",1.4,4.9,https://www.thegioididong.com/laptop/asus-vivobook-x1404za-i5-nk376w?utm_flashsale=1,ASUS,VivoBook
Asus Vivobook 15 OLED A1505ZA i5 12500H (MA415W),15.390.000,16,GB,SSD,512,GB,15.6,"2.8K (2880 x 1620) - OLED, 120Hz","CPU: i5, 12500H, 2.5GHz",Card: Intel Iris Xe,"Pin: 3-cell, 50Wh",1.7,4.9,https://www.thegioididong.com/laptop/asus-asus-vivobook-15-oled-a1505za-i5-ma415w,ASUS,VivoBook
Asus Vivobook X1404ZA i3 1215U (NK246W),9.690.000,8,GB,SSD,512,GB,14.0,Full HD (1920 x 1080),"CPU: i3, 1215U, 1.2GHz",Card: Intel UHD,"Pin: 3-cell, 42Wh",1.4,4.9,https://www.thegioididong.com/laptop/asus-vivobook-x1404za-i3-nk246w,ASUS,VivoBook
Asus Gaming Vivobook K3605ZF i5 12500H (RP745W),16.590.000,16,GB,SSD,512,GB,16.0,"WUXGA, 144Hz","CPU: i5, 12500H, 2.5GHz",Card: RTX 2050 4GB,"Pin: 3-cell, 50Wh",1.8,4.9,https://www.thegioididong.com/laptop/asus-vivobook-k3605zf-i5-rp745w,ASUS,VivoBook
Asus Vivobook 15 X1504ZA i5 1235U (NJ1608W),13.490.000,16,GB,SSD,512,GB,15.6,Full HD (1920 x 1080),"CPU: i5, 1235U, 1.3GHz",Card: Intel Iris Xe,"Pin: 3-cell, 42Wh",1.7,5.0,https://www.thegioididong.com/laptop/asus-x1504za-i5-nj1608w?utm_flashsale=1,ASUS,VivoBook
Asus Vivobook 15 X1504ZA i5 1235U (NJ1546W),13.390.000,16,GB,SSD,512,GB,15.6,Full HD (1920 x 1080),"CPU: i5, 1235U, 1.3GHz",Card: Intel Iris Xe,"Pin: 3-cell, 42Wh",1.7,4.9,https://www.thegioididong.com/laptop/asus-vivobook-15-x1504za-i5-nj1546w,ASUS,VivoBook
Asus Gaming Vivobook K3605ZC i5 12500H (RP629W),18.390.000,16,GB,SSD,512,GB,16.0,"WUXGA, 144Hz","CPU: i5, 12500H, 2.5GHz",Card: RTX 3050 4GB,"Pin: 3-cell, 50Wh",1.8,5.0,https://www.thegioididong.com/laptop/asus-vivobook-k3605zc-i5-rp629w,ASUS,VivoBook
Asus TUF Gaming F15 FX507ZC4 i5 12500H (HN330W),19.690.000,16,GB,SSD,512,GB,15.6,"Full HD (1920 x 1080), 144Hz","CPU: i5, 12500H, 2.5GHz",Card: RTX 3050 4GB,"Pin: 4-cell, 56Wh",2.2,5.0,https://www.thegioididong.com/laptop/asus-gaming-tuf-f15-fx507zc4-i5-hn330w,ASUS,TUF Gaming
Asus Vivobook 16 X1605VA i5 1335U (MB360W),14.890.000,16,GB,SSD,512,GB,16.0,WUXGA,"CPU: i5, 1335U, 1.3GHz",Card: Intel Iris Xe,"Pin: 3-cell, 42Wh",1.88,4.9,https://www.thegioididong.com/laptop/asus-vivobook-16-x1605va-i5-mb360w?utm_flashsale=1,ASUS,VivoBook
Asus Zenbook 14 OLED UX3402VA i5 13500H (KM657W),22.490.000,16,GB,SSD,512,GB,14.0,"2.8K (2880 x 1800) - OLED 16:10, 90Hz","CPU: i5, 13500H, 2.6GHz",Card: Intel Iris Xe,"Pin: 4-cell Li-ion, 75 Wh",1.39,4.9,https://www.thegioididong.com/laptop/asus-zenbook-14-oled-i5-km657w?utm_flashsale=1,ASUS,ZenBook
Asus Vivobook S 16 OLED S5606MA Ultra 5 125H (MX050W),23.990.000,16,GB,SSD,512,GB,16.0,"3.2K (3200 x 2000) OLED 16:10, 120Hz","CPU: Ultra 5, 125H, 1.2GHz",Card: Intel Arc Graphics,"Pin: 4-cell Li-ion, 75 Wh",1.5,5.0,https://www.thegioididong.com/laptop/asus-vivobook-s-16-oled-s5606ma-ultra-5-mx050w?utm_flashsale=1,ASUS,VivoBook
Asus Vivobook 14 X1404VA i5 1335U (NK050W),14.890.000,16,GB,SSD,512,GB,14.0,Full HD (1920 x 1080),"CPU: i5, 1335U, 1.3GHz",Card: Intel Iris Xe,"Pin: 3-cell, 42Wh",1.4,4.9,https://www.thegioididong.com/laptop/asus-vivobook-14-x1404va-i5-nk050w?utm_flashsale=1,ASUS,VivoBook
Asus Vivobook 15 X1504ZA i5 1235U (NJ1528W),13.890.000,16,GB,SSD,1,TB,15.6,Full HD (1920 x 1080),"CPU: i5, 1235U, 1.3GHz",Card: Intel Iris Xe,"Pin: 3-cell, 42Wh",1.7,4.9,https://www.thegioididong.com/laptop/asus-vivobook-15-x1504za-i5-nj1528w?utm_flashsale=1,ASUS,VivoBook
Asus TUF Gaming F15 FX507ZC4 i7 12700H (HN181W),21.990.000,16,GB,SSD,512,GB,15.6,"Full HD (1920 x 1080), 144Hz","CPU: i7, 12700H, 2.30 GHz",Card: RTX 3050 4GB,"Pin: 4-cell, 56Wh",2.2,5.0,https://www.thegioididong.com/laptop/asus-fx507zc4-i7-hn181w,ASUS,TUF Gaming
Asus TUF Gaming A15 FA506NF R5 7535HS (HN012W),16.990.000,16,GB,SSD,512,GB,15.6,"Full HD (1920 x 1080), 144Hz","CPU: Ryzen 5, 7535HS, 3.3GHz",Card: RTX 2050 4GB,"Pin: 3-cell, 48Wh",2.3,4.9,https://www.thegioididong.com/laptop/asus-tuf-gaming-a15-fa506nf-r5-hn012w,ASUS,TUF Gaming
Asus Vivobook S 14 OLED S5406MA Ultra 5 125H (PP136W),24.990.000,16,GB,SSD,1,TB,14.0,"2.8K (2880 x 1800) - OLED 16:10, 120Hz","CPU: Ultra 5, 125H, 1.2GHz",Card: Intel Arc Graphics,"Pin: 4-cell Li-ion, 75 Wh",1.3,5.0,https://www.thegioididong.com/laptop/asus-vivobook-s-14-oled-s5406ma-ultra-5-pp136w,ASUS,VivoBook
Asus Vivobook 15 OLED A1505VA i5 13500H (MA467W),16.990.000,16,GB,SSD,512,GB,15.6,"2.8K (2880 x 1620) - OLED, 120Hz","CPU: i5, 13500H, 2.6GHz",Card: Intel Iris Xe,"Pin: 3-cell, 50Wh",1.7,4.9,https://www.thegioididong.com/laptop/asus-vivobook-15-oled-a1505va-i5-ma467w?utm_flashsale=1,ASUS,VivoBook
Asus Vivobook 15 OLED A1505VA i5 13500H (L1341W),16.990.000,16,GB,SSD,512,GB,15.6,Full HD (1920 x 1080) OLED,"CPU: i5, 13500H, 2.6GHz",Card: Intel Iris Xe,"Pin: 3-cell, 50Wh",1.7,4.9,https://www.thegioididong.com/laptop/asus-vivobook-15-oled-a1505va-i5-l1341w,ASUS,VivoBook
Asus TUF Gaming F15 FX507VV i7 13620H (LP151W),28.990.000,16,GB,SSD,512,GB,15.6,"Full HD (1920 x 1080), 144Hz","CPU: i7, 13620H, 2.4GHz",Card: RTX 4060 8GB,"Pin: 4-cell, 90Wh",2.2,5.0,https://www.thegioididong.com/laptop/asus-fx507vv-i7-lp151w,ASUS,TUF Gaming
Asus Vivobook 15 X1504VA i5 1335U (NJ025W),13.990.000,8,GB,SSD,512,GB,15.6,Full HD (1920 x 1080),"CPU: i5, 1335U, 1.3GHz",Card: Intel UHD,"Pin: 3-cell, 42Wh",1.7,4.9,https://www.thegioididong.com/laptop/asus-vivobook-15-x1504va-i5-nj025w,ASUS,VivoBook
Asus Zenbook 14 OLED UX3405MA Ultra 5 125H,26.390.000,16,GB,SSD,512,GB,14.0,"2.8K (2880 x 1800) - OLED 16:10, 120Hz","CPU: Ultra 5, 125H, 1.2GHz",Card: Intel Arc Graphics,"Pin: 4-cell Li-ion, 75 Wh",1.2,4.9,https://www.thegioididong.com/laptop/asus-zenbook-14-oled-ux3405ma-ultra-5-pp151w?utm_flashsale=1,ASUS,ZenBook
Asus TUF Gaming A15 FA506NCR R7 7435HS (HN097W),19.490.000,16,GB,SSD,512,GB,15.6,"Full HD (1920 x 1080), 144Hz","CPU: Ryzen 7, 7435HS, 3.1GHz",Card: RTX 3050 4GB,"Pin: 3-cell, 48Wh",2.3,5.0,https://www.thegioididong.com/laptop/asus-fa506ncr-r7-hn097w,ASUS,TUF Gaming
Asus TUF Gaming F15 FX507ZC4 i5 12500H (HN229W),21.490.000,16,GB,SSD,1,TB,15.6,"Full HD (1920 x 1080), 144Hz","CPU: i5, 12500H, 2.5GHz",Card: RTX 3050 4GB,"Pin: 4-cell, 56Wh",2.2,4.9,https://www.thegioididong.com/laptop/asus-tuf-gaming-f15-fx507zc4-i5-hn229w,ASUS,TUF Gaming
Asus TUF Gaming A15 FA506NC R5 7535HS (HN017W),18.490.000,16,GB,SSD,512,GB,15.6,"Full HD (1920 x 1080), 144Hz","CPU: Ryzen 5, 7535HS, 3.3GHz",Card: RTX 3050 4GB,"Pin: 3-cell, 48Wh",2.3,5.0,https://www.thegioididong.com/laptop/asus-tuf-gaming-a15-fa506nc-r5-hn017w,ASUS,TUF Gaming
Asus Vivobook 15 X1504VA i7 1355U (NJ023W),18.990.000,16,GB,SSD,512,GB,15.6,Full HD (1920 x 1080),"CPU: i7, 1355U, 1.7GHz",Card: Intel Iris Xe,"Pin: 3-cell, 42Wh",1.7,4.9,https://www.thegioididong.com/laptop/asus-vivobook-15-x1504va-nj023w,ASUS,VivoBook
Asus Gaming Vivobook K3605ZU i5 12500H (RP296W),21.890.000,16,GB,SSD,512,GB,16.0,"WUXGA, 144Hz","CPU: i5, 12500H, 2.5GHz",Card: RTX 4050 6GB,"Pin: 3-cell Li-ion, 70 Wh",1.8,5.0,https://www.thegioididong.com/laptop/asus-gaming-vivobook-k3605zu-i5-rp296w?utm_flashsale=1,ASUS,VivoBook
Asus Zenbook 14 OLED UX3405MA Ultra 9 185H (PP475W),33.490.000,32,GB,SSD,1,TB,14.0,"2.8K (2880 x 1800) - OLED 16:10, 120Hz","CPU: Ultra 9, 185H",Card: Intel Arc Graphics,"Pin: 4-cell Li-ion, 75 Wh",1.2,5.0,https://www.thegioididong.com/laptop/asus-zenbook-14-oled-ux3405ma-ultra-9-pp475w?utm_flashsale=1,ASUS,ZenBook
Asus Vivobook 15 OLED A1505ZA i5 12500H (L1337W),15.390.000,16,GB,SSD,512,GB,15.6,Full HD (1920 x 1080) OLED,"CPU: i5, 12500H, 2.5GHz",Card: Intel Iris Xe,"Pin: 3-cell, 50Wh",1.7,4.9,https://www.thegioididong.com/laptop/asus-vivobook-15-oled-a1505za-i5-l1337w,ASUS,VivoBook
Asus TUF Gaming A15 FA507NUR R7 7435HS (LP057W),23.890.000,16,GB,SSD,512,GB,15.6,"Full HD (1920 x 1080), 144Hz","CPU: Ryzen 7, 7435HS, 3.1GHz",Card: RTX 4050 6GB,"Pin: 4-cell, 90Wh",2.2,5.0,https://www.thegioididong.com/laptop/asus-fa507nur-r7-lp057w,ASUS,TUF Gaming
Asus Zenbook 14 OLED UX3405MA Ultra 7 155H (PP152W),31.490.000,32,GB,SSD,1,TB,14.0,"2.8K (2880 x 1800) - OLED 16:10, 120Hz","CPU: Ultra 7, 155H, 1.4GHz",Card: Intel Arc Graphics,"Pin: 4-cell Li-ion, 75 Wh",1.2,5.0,https://www.thegioididong.com/laptop/asus-zenbook-14-oled-ux3405ma-ultra-7-pp152w?utm_flashsale=1,ASUS,ZenBook
Asus TUF Gaming F15 FX507VU i7 13620H (LP167W),26.990.000,16,GB,SSD,512,GB,15.6,"Full HD (1920 x 1080), 144Hz","CPU: i7, 13620H, 2.4GHz",Card: RTX 4050 6GB,"Pin: 4-cell, 90Wh",2.2,4.9,https://www.thegioididong.com/laptop/asus-tuf-gaming-f15-fx507vu-i7-lp167w,ASUS,TUF Gaming
Asus Vivobook S 16 OLED M5606WA R9 AI HX 370 (MX072WS),30.490.000,32,GB,SSD,1,TB,16.0,"3.2K (3200 x 2000) OLED 16:10, 120Hz","CPU: Ryzen AI 9, HX 370, 2GHz",Card: Radeon,"Pin: 4-cell Li-ion, 75 Wh",1.5,5.0,https://www.thegioididong.com/laptop/asus-vivobook-s-16-oled-m5606wa-r9-mx072ws,ASUS,VivoBook
Asus TUF Gaming A15 FA506NFR R7 7435HS (HN113W),17.390.000,16,GB,SSD,512,GB,15.6,"Full HD (1920 x 1080), 144Hz","CPU: Ryzen 7, 7435HS, 3.1GHz",Card: RTX 2050 4GB,"Pin: 3-cell, 48Wh",2.3,5.0,https://www.thegioididong.com/laptop/asus-fa506nfr-r7-hn113w,ASUS,TUF Gaming
Asus TUF Gaming F15 FX507VU i7 13620H (LP186W),26.990.000,16,GB,SSD,512,GB,15.6,"Full HD (1920 x 1080), 144Hz","CPU: i7, 13620H, 2.4GHz",Card: RTX 4050 6GB,"Pin: 4-cell, 90Wh",2.2,5.0,https://www.thegioididong.com/laptop/asus-fx507vu-i7-lp186w,ASUS,TUF Gaming
Asus Vivobook 15 OLED A1505VA i9 13900H (MA586WS),21.990.000,16,GB,SSD,512,GB,15.6,"2.8K (2880 x 1620) - OLED, 120Hz","CPU: i9, 13900H, 2.6GHz",Card: Intel Iris Xe,"Pin: 3-cell, 50Wh",1.7,5.0,https://www.thegioididong.com/laptop/asus-vivobook-15-oled-a1505va-i9-ma586ws,ASUS,VivoBook
Asus TUF Gaming A15 FA507NVR R7 7435HS (LP007W),26.390.000,16,GB,SSD,512,GB,15.6,"Full HD (1920 x 1080), 144Hz","CPU: Ryzen 7, 7435HS, 3.1GHz",Card: RTX 4060 8GB,"Pin: 4-cell, 90Wh",2.2,5.0,https://www.thegioididong.com/laptop/asus-fa507nvr-r7-lp007w,ASUS,TUF Gaming
Asus Vivobook 15 OLED A1505VA i9 13900H (L1386W),21.990.000,16,GB,SSD,1,TB,15.6,Full HD (1920 x 1080) OLED,"CPU: i9, 13900H, 2.6GHz",Card: Intel Iris Xe,"Pin: 3-cell, 50Wh",1.7,4.9,https://www.thegioididong.com/laptop/asus-vivobook-15-oled-a1505va-i9-l1386w,ASUS,VivoBook
Asus Vivobook 14X OLED K3405VC i5 13500H (KM006W),23.990.000,16,GB,SSD,512,GB,14.0,"2.8K (2880 x 1800) - OLED 16:10, 90Hz","CPU: i5, 13500H, 2.6GHz",Card: RTX 3050 4GB,"Pin: 3-cell, 63Wh",1.4,4.9,https://www.thegioididong.com/laptop/asus-vivobook-14x-oled-k3405vc-i5-km006w,ASUS,VivoBook
Asus TUF Gaming F15 FX506HF i5 11400H (HN014W),15.990.000,8,GB,SSD,512,GB,15.6,"Full HD (1920 x 1080), 144Hz","CPU: i5, 11400H, 2.7GHz",Card: RTX 2050 4GB,"Pin: 3-cell, 48Wh",2.3,4.9,https://www.thegioididong.com/laptop/asus-tuf-gaming-f15-fx506hf-i5-hn014w,ASUS,TUF Gaming
Asus TUF Gaming A15 FA507NU R5 7535HS (LP105W),22.990.000,16,GB,SSD,512,GB,15.6,"Full HD (1920 x 1080), 144Hz","CPU: Ryzen 5, 7535HS, 3.3GHz",Card: RTX 4050 6GB,"Pin: 4-cell, 90Wh",2.2,4.9,https://www.thegioididong.com/laptop/asus-tuf-gaming-a15-fa507nu-r5-lp105w,ASUS,TUF Gaming
Asus TUF Gaming A15 FA507NV R7 7735HS (LP031W),27.390.000,16,GB,SSD,512,GB,15.6,"Full HD (1920 x 1080), 144Hz","CPU: Ryzen 7, 7735HS, 3.2GHz",Card: RTX 4060 8GB,"Pin: 4-cell, 90Wh",2.2,4.9,https://www.thegioididong.com/laptop/asus-tuf-gaming-a15-fa507nv-r7-lp031w,ASUS,TUF Gaming
Asus TUF Gaming F15 FX507ZC4 i5 12500H (HN074W),18.990.000,8,GB,SSD,512,GB,15.6,"Full HD (1920 x 1080), 144Hz","CPU: i5, 12500H, 2.5GHz",Card: RTX 3050 4GB,"Pin: 4-cell, 56Wh",2.2,4.9,https://www.thegioididong.com/laptop/asus-tuf-gaming-f15-fx507zc4-i5-hn074w,ASUS,TUF Gaming
Asus Vivobook S 15 S5507QA X1E 78 100 (MA090WS),31.090.000,32,GB,SSD,1,TB,15.6,"2.8K (2880 x 1620) - OLED, 120Hz","CPU: Snapdragon X Elite, X1E 78 100",Card: Qualcomm Adreno GPU,"Pin: 3-cell Li-ion, 70 Wh",1.42,,https://www.thegioididong.com/laptop/asus-s5507qa-x1e-78-100-ma090ws,ASUS,VivoBook
Asus TUF Gaming Dash F15 FX517ZE i5 12450H (HN045W),19.990.000,8,GB,SSD,512,GB,15.6,"Full HD (1920 x 1080), 144Hz","CPU: i5, 12450H, 2GHz",Card: RTX 3050Ti 4GB,"Pin: 4-cell, 76Wh",2.0,4.9,https://www.thegioididong.com/laptop/asus-tuf-gaming-fx517ze-i5-hn045w,ASUS,TUF Gaming
ASUS TUF Gaming A15 FA507UV R7 8845HS (LP142W),28.990.000,16,GB,SSD,512,GB,15.6,"Full HD (1920 x 1080), 144Hz","CPU: Ryzen 7, 8845HS, 3.8GHz",Card: RTX 4060 8GB,"Pin: 4-cell, 90Wh",2.2,5.0,https://www.thegioididong.com/laptop/asus-fa507uv-r7-lp142w,ASUS,TUF Gaming
Asus Zenbook S 14 UX5406SA Ultra 7 258V (PV140WS),43.990.000,32,GB,SSD,1,TB,14.0,"2.8K (2880 x 1800) - OLED 16:10, 120Hz","CPU: Intel Core Ultra 7 Lunar Lake, 258V, 2.2GHz",Card: Intel Arc Graphics,"Pin: 4-cell, 72Wh",1.2,5.0,https://www.thegioididong.com/laptop/asus-ux5406sa-ultra-7-pv140ws,ASUS,ZenBook
Asus TUF Gaming A14 FA401WV R9 AI HX 370 (RG062WS),40.990.000,16,GB,SSD,1,TB,14.0,"QHD+ (2560 x 1600) 16:10, 165Hz","CPU: Ryzen AI 9, HX 370, 2GHz",Card: RTX 4060 8GB,"Pin: 4-cell Li-ion, 73 Wh",1.46,5.0,https://www.thegioididong.com/laptop/asus-fa401wv-r9-ai-rg062ws,ASUS,TUF Gaming
Asus Vivobook 14 A1405VA i3 1315U (LY097W),11.490.000,8,GB,SSD,512,GB,14.0,WUXGA,"CPU: i3, 1315U, 1.2GHz",Card: Intel UHD,"Pin: 3-cell, 42Wh",1.6,4.9,https://www.thegioididong.com/laptop/asus-vivobook-14-a1405va-i3-ly097w,ASUS,VivoBook
Asus ROG Strix G16 G614JV i7 13650HX (N3515W),38.990.000,32,GB,SSD,1,TB,16.0,"Full HD+ (1920 x 1200), 165Hz","CPU: i7, 13650HX, 2.6GHz",Card: RTX 4060 8GB,"Pin: 4-cell, 90Wh",2.5,,https://www.thegioididong.com/laptop/asus-rog-strix-g16-g614jv-i7-n3515w,ASUS,ROG
Asus TUF Gaming A14 FA401WV R9 AI HX 370 (RG061WS),45.990.000,32,GB,SSD,1,TB,14.0,"WQXGA (2560 x 1600), 165Hz","CPU: Ryzen AI 9, HX 370, 2GHz",Card: RTX 4060 8GB,"Pin: 4-cell Li-ion, 73 Wh",1.46,,https://www.thegioididong.com/laptop/asus-fa401wv-r9-ai-hx-370-rg061ws,ASUS,TUF Gaming
Asus ROG Strix G16 G614JU i7 13650HX (N3509W),36.990.000,32,GB,SSD,1,TB,16.0,"Full HD+ (1920 x 1200), 165Hz","CPU: i7, 13650HX, 2.6GHz",Card: RTX 4050 6GB,"Pin: 4-cell, 90Wh",2.5,,https://www.thegioididong.com/laptop/asus-rog-strix-g16-g614ju-i7-n3509w,ASUS,ROG
Asus ROG Flow X16 GV601VV i9 13900H (NF044W),49.990.000,16,GB,SSD,1,TB,16.0,"WQXGA (2560 x 1600), 240Hz","CPU: i9, 13900H, 2.6GHz",Card: RTX 4060 8GB,"Pin: 4-cell, 90Wh",2.0,,https://www.thegioididong.com/laptop/asus-rog-flow-x16-gv601vv-i9-nf044w,ASUS,ROG
Asus Vivobook S 14 S5406MA Ultra 5 125H (PP046WS),24.490.000,16,GB,SSD,512,GB,14.0,"2.8K (2880 x 1800) - OLED 16:10, 120Hz","CPU: Ultra 5, 125H, 1.2GHz",Card: Intel Arc Graphics,"Pin: 4-cell Li-ion, 75 Wh",1.3,,https://www.thegioididong.com/laptop/asus-vivobook-s-14-s5406ma-ultra-5-pp046ws,ASUS,VivoBook
Asus Vivobook S 14 S5406SA Ultra 5 226V (PP060WS),28.990.000,16,GB,SSD,512,GB,14.0,"2.8K (2880 x 1800) - OLED 16:10, 120Hz","CPU: Intel Core Ultra 5 Lunar Lake, 226V, 2.1GHz",Card: Intel Arc Graphics,"Pin: 4-cell Li-ion, 75 Wh",1.3,,https://www.thegioididong.com/laptop/asus-vivobook-s-14-s5406sa-ultra-5-pp060ws,ASUS,VivoBook
Asus Vivobook S 14 S5406SA Ultra 7 258V (PP059WS),35.990.000,32,GB,SSD,1,TB,14.0,"2.8K (2880 x 1800) - OLED 16:10, 120Hz","CPU: Intel Core Ultra 7 Lunar Lake, 258V, 2.2GHz",Card: Intel Arc Graphics,"Pin: 4-cell Li-ion, 75 Wh",1.3,,https://www.thegioididong.com/laptop/asus-vivobook-s-14-s5406sa-ultra-7-pp059ws,ASUS,VivoBook
Dell Inspiron 15 3520 i5 1235U (N5I5052W1),15.990.000,16,GB,SSD,512,GB,15.6,"Full HD (1920 x 1080), 120Hz","CPU: i5, 1235U, 1.3GHz",Card: Intel Iris Xe,"Pin: 3-cell, 41Wh",1.66,5.0,https://www.thegioididong.com/laptop/dell-inspiron-15-3520-i5-n5i5052w1?utm_flashsale=1,DELL,Inspiron
Dell Inspiron 15 3520 i5 1235U,16.490.000,16,GB,SSD,512,GB,15.6,"Full HD (1920 x 1080), 120Hz","CPU: i5, 1235U, 1.3GHz",Card: Intel Iris Xe,"Pin: 3-cell, 41Wh",1.9,4.9,https://www.thegioididong.com/laptop/dell-inspiron-15-3520-i5-25p231,DELL,Inspiron
Dell Latitude 3440 i5 1235U (L3440-I51235U-16G512G),15.990.000,16,GB,SSD,512,GB,14.0,Full HD (1920 x 1080),"CPU: i5, 1235U, 1.3GHz",Card: Intel Iris Xe,"Pin: 3-cell, 41Wh",1.54,4.9,https://www.thegioididong.com/laptop/dell-latitude-3440-i5-l3440i51235u16g512g?utm_flashsale=1,DELL,Latitude
Dell Inspiron 15 3520 i5 1235U (N3520-i5U165W11BLU-FP),16.490.000,16,GB,SSD,512,GB,15.6,"Full HD (1920 x 1080), 120Hz","CPU: i5, 1235U, 1.3GHz",Card: Intel Iris Xe,"Pin: 3-cell, 41Wh",1.9,5.0,https://www.thegioididong.com/laptop/dell-inspiron-15-3520-i5-n3520i5u165w11blufp,DELL,Inspiron
Dell Inspiron 15 3530 i5 1334U (N3530-i5U165W11SLU),17.990.000,16,GB,SSD,512,GB,15.6,"Full HD (1920 x 1080), 120Hz","CPU: i5, 1334U, 1.3GHz",Card: Intel Iris Xe,"Pin: 3-cell, 41Wh",1.66,5.0,https://www.thegioididong.com/laptop/dell-inspiron-15-3530-i5-n3530i5u165w11slu?utm_flashsale=1,DELL,Inspiron
Dell Inspiron 15 3530 i7 1355U (71043888),20.990.000,16,GB,SSD,512,GB,15.6,"Full HD (1920 x 1080), 120Hz","CPU: i7, 1355U, 1.7GHz",Card: Intel Iris Xe,"Pin: 4-cell, 54Wh",1.66,5.0,https://www.thegioididong.com/laptop/dell-inspiron-15-3530-i7-71043888?utm_flashsale=1,DELL,Inspiron
Dell Inspiron 15 3520 i5 1235U (71043883),16.490.000,16,GB,SSD,512,GB,15.6,"Full HD (1920 x 1080), 120Hz","CPU: i5, 1235U, 1.3GHz",Card: Intel Iris Xe,"Pin: 3-cell, 41Wh",1.9,5.0,https://www.thegioididong.com/laptop/dell-inspiron-15-3520-i5-71043883,DELL,Inspiron
Dell Inspiron 15 3520 i5 1235U (N3520-i5U085W11SLU),15.690.000,8,GB,SSD,512,GB,15.6,"Full HD (1920 x 1080), 120Hz","CPU: i5, 1235U, 1.3GHz",Card: Intel UHD,"Pin: 3-cell, 41Wh",1.9,5.0,https://www.thegioididong.com/laptop/dell-inspiron-15-3520-i5-n3520-i5u085w11slu,DELL,Inspiron
Dell Vostro 3530 i5 1335U (80GG93),18.490.000,16,GB,SSD,512,GB,15.6,"Full HD (1920 x 1080), 120Hz","CPU: i5, 1335U, 1.3GHz",Card: Intel Iris Xe,"Pin: 3-cell, 41Wh",1.66,4.9,https://www.thegioididong.com/laptop/dell-vostro-3530-i5-80gg93,DELL,Vostro
Dell Inspiron 15 3530 i5 1334U (N5I5340W1),18.490.000,16,GB,SSD,512,GB,15.6,"Full HD (1920 x 1080), 120Hz","CPU: i5, 1334U, 1.3GHz",Card: Intel Iris Xe,"Pin: 3-cell, 41Wh",1.66,5.0,https://www.thegioididong.com/laptop/dell-inspiron-15-3530-i5-n5i5340w1,DELL,Inspiron
Dell Inspiron 15 3520 i5 1235U (i5U085W11BLU),14.490.000,8,GB,SSD,512,GB,15.6,"Full HD (1920 x 1080), 120Hz","CPU: i5, 1235U, 1.3GHz",Card: Intel UHD,"Pin: 3-cell, 41Wh",1.9,4.9,https://www.thegioididong.com/laptop/dell-inspiron-15-3520-i5u085w11blu?utm_flashsale=1,DELL,Inspiron
Dell Inspiron 15 3530 i7 1355U (P16WD),22.490.000,16,GB,SSD,1,TB,15.6,"Full HD (1920 x 1080), 120Hz","CPU: i7, 1355U",Card: Intel Iris Xe,"Pin: 4-cell, 54Wh",1.65,4.9,https://www.thegioididong.com/laptop/dell-inspiron-15-3530-i7-p16wd,DELL,Inspiron
Dell Vostro 15 3520 i5 1235U (5M2TT2),15.490.000,8,GB,SSD,512,GB,15.6,"Full HD (1920 x 1080), 120Hz","CPU: i5, 1235U, 1.3GHz",Card: Intel UHD,"Pin: 3-cell, 41Wh",1.67,4.9,https://www.thegioididong.com/laptop/dell-vostro-15-3520-i5-5m2tt2,DELL,Vostro
Dell Vostro 3520 i5 1235U (71030559),16.490.000,16,GB,SSD,512,GB,15.6,"Full HD (1920 x 1080), 120Hz","CPU: i5, 1235U, 1.3GHz",Card: Intel Iris Xe,"Pin: 3-cell, 41Wh",1.9,4.9,https://www.thegioididong.com/laptop/dell-vostro-3520-i5-71030559,DELL,Vostro
Dell Vostro 15 3520 i5 1235U (V3520-i5U165W11GRU),16.490.000,16,GB,SSD,512,GB,15.6,"Full HD (1920 x 1080), 120Hz","CPU: i5, 1235U, 1.3GHz",Card: Intel Iris Xe,"Pin: 3-cell, 41Wh",1.9,5.0,https://www.thegioididong.com/laptop/dell-vostro-15-3520-i5-v3520i5u165w11gru,DELL,Vostro
Dell Inspiron 15 3530 i7 1355U (71026454),21.490.000,16,GB,SSD,512,GB,15.6,"Full HD (1920 x 1080), 120Hz","CPU: i7, 1355U, 1.7GHz",Card: Intel Iris Xe,"Pin: 4-cell, 54Wh",1.66,4.9,https://www.thegioididong.com/laptop/dell-inspiron-15-3530-i7-71026454,DELL,Inspiron
Dell Inspiron 15 3520 i5 1235U (71027003),13.990.000,8,GB,SSD,512,GB,15.6,"Full HD (1920 x 1080), 120Hz","CPU: i5, 1235U, 1.3GHz",Card: Intel UHD,"Pin: 3-cell, 41Wh",1.9,4.9,https://www.thegioididong.com/laptop/dell-inspiron-15-3520-i5-71027003,DELL,Inspiron
Dell Inspiron 15 3530 i5 1334U (71043885),18.490.000,16,GB,SSD,512,GB,15.6,"Full HD (1920 x 1080), 120Hz","CPU: i5, 1334U, 1.3GHz",Card: Intel Iris Xe,"Pin: 3-cell, 41Wh",1.66,5.0,https://www.thegioididong.com/laptop/dell-inspiron-15-3530-i5-71043885,DELL,Inspiron
Dell Inspiron 14 5440 Core 7 150U (7FN5J),24.990.000,16,GB,SSD,1,TB,14.0,Full HD+,"CPU: Core 7, 150U",Card: Intel Graphics,"Pin: 4-cell, 54Wh",1.56,5.0,https://www.thegioididong.com/laptop/dell-inspiron-14-5440-core-7-7fn5j,DELL,Inspiron
Dell Inspiron 16 5640 Core 7 150U (KHPF5),27.990.000,16,GB,SSD,1,TB,16.0,Full HD+ (1920 x 1200),"CPU: Core 7, 150U","Card: NVIDIA Geforce MX570A, 2 GB","Pin: 4-cell, 54Wh",1.87,5.0,https://www.thegioididong.com/laptop/dell-inspiron-16-5640-core-7-khpf5,DELL,Inspiron
Dell Inspiron 15 3530 i7 1355U (N5I7301W1),21.490.000,16,GB,SSD,512,GB,15.6,"Full HD (1920 x 1080), 120Hz","CPU: i7, 1355U, 1.7GHz",Card: Intel Iris Xe,"Pin: 3-cell, 54 Wh",1.65,5.0,https://www.thegioididong.com/laptop/dell-inspiron-15-3530-i7-n5i7301w1,DELL,Inspiron
Dell Inspiron 15 3530 i7 1355U (N3530-i7U161W11BLU-FP),22.490.000,16,GB,SSD,1,TB,15.6,"Full HD (1920 x 1080), 120Hz","CPU: i7, 1355U, 1.7GHz",Card: Intel Iris Xe,"Pin: 4-cell, 54Wh",1.66,5.0,https://www.thegioididong.com/laptop/dell-inspiron-15-3530-i7-n3530i7u161w11blufp,DELL,Inspiron
Dell Inspiron 14 5440 Core 7 150U (N4I7204W1),23.990.000,16,GB,SSD,512,GB,14.0,Full HD+ (1920 x 1200),"CPU: Core 7, 150U",Card: Intel Graphics,"Pin: 4-cell, 54Wh",1.67,5.0,https://www.thegioididong.com/laptop/dell-inspiron-14-5440-core-7-n4i7204w1,DELL,Inspiron
Dell Inspiron 15 3530 i5 1334U (P16WD2),18.490.000,16,GB,SSD,512,GB,15.6,"Full HD (1920 x 1080), 120Hz","CPU: i5, 1334U, 1.3GHz",Card: Intel Iris Xe,"Pin: 3-cell, 41Wh",1.65,5.0,https://www.thegioididong.com/laptop/dell-inspiron-15-3530-i5-p16wd2,DELL,Inspiron
Dell Inspiron 16 5640 Core 7 150U (N5640-C7U161W11IBU),25.990.000,16,GB,SSD,1,TB,16.0,Full HD+,"CPU: Core 7, 150U",Card: Intel Graphics,"Pin: 4-cell, 54Wh",1.98,5.0,https://www.thegioididong.com/laptop/dell-inspiron-16-5640-core-7-n5640c7u161w11ibu,DELL,Inspiron
Dell Inspiron 15 3530 i5 1335U (N5I5791W1),18.490.000,16,GB,SSD,512,GB,15.6,"Full HD (1920 x 1080), 120Hz","CPU: i5, 1335U, 1.3GHz",Card: Intel Iris Xe,"Pin: 3-cell, 41Wh",1.66,4.9,https://www.thegioididong.com/laptop/dell-inspiron-15-3530-i5-n5i5791w1,DELL,Inspiron
Dell Vostro 15 3520 i5 1235U (i5U165W11GRU),16.490.000,16,GB,SSD,512,GB,15.6,"Full HD (1920 x 1080), 120Hz","CPU: i5, 1235U, 1.3GHz",Card: Intel Iris Xe,"Pin: 3-cell, 41Wh",1.9,5.0,https://www.thegioididong.com/laptop/dell-vostro-15-3520-i5-i5u165w11gru,DELL,Vostro
Dell Latitude 3440 i7 1355U (71038103),24.490.000,16,GB,SSD,512,GB,14.0,Full HD (1920 x 1080),"CPU: i7, 1355U, 1.7GHz",Card: Intel Iris Xe,"Pin: 3-cell, 42Wh",1.6,5.0,https://www.thegioididong.com/laptop/dell-latitude-3440-i7-71038103,DELL,Latitude
Dell Inspiron 15 3520 i5 1235U (N5I5011W1),16.490.000,16,GB,SSD,512,GB,15.6,"Full HD (1920 x 1080), 120Hz","CPU: i5, 1235U, 1.3GHz",Card: Intel Iris Xe,"Pin: 3-cell, 41Wh",1.9,5.0,https://www.thegioididong.com/laptop/dell-inspiron-15-3520-i5-n5i5011w1,DELL,Inspiron
Dell Vostro 3420 i5 1235U (V4I5702W1),16.190.000,8,GB,SSD,512,GB,14.0,Full HD (1920 x 1080),"CPU: i5, 1235U, 1.3GHz",Card: Intel UHD,"Pin: 3-cell, 41Wh",1.49,5.0,https://www.thegioididong.com/laptop/dell-vostro-3420-i5-v4i5702w1,DELL,Vostro
Dell Inspiron 15 3530 i5 1335U (N3530-i5U085W11BLU),17.990.000,8,GB,SSD,512,GB,15.6,"Full HD (1920 x 1080), 120Hz","CPU: i5, 1335U, 1.3GHz",Card: Intel UHD,"Pin: 3-cell, 41Wh",1.66,4.9,https://www.thegioididong.com/laptop/dell-inspiron-3530-i5-1335u-i5u085w11blu,DELL,Inspiron
Dell Vostro 15 3520 i5 1235U (V5I5610W1),13.990.000,8,GB,SSD,512,GB,15.6,"Full HD (1920 x 1080), 120Hz","CPU: i5, 1235U, 1.3GHz",Card: Intel UHD,"Pin: 3-cell, 41Wh",1.85,4.9,https://www.thegioididong.com/laptop/dell-vostro-15-3520-i5-v5i5610w1,DELL,Vostro
Dell Inspiron 7440 Core 5 120U (N4I5006W1),29.490.000,16,GB,SSD,1,TB,14.0,"Full HD+, Cảm ứng","CPU: Core 5, 120U, 1.4GHz",Card: Intel Graphics,"Pin: 4-cell, 54Wh",1.74,5.0,https://www.thegioididong.com/laptop/dell-inspiron-7440-core-5-n4i5006w1,DELL,Inspiron
Dell Inspiron 7440 Core 7 150U (N7440-C7U161W11IBU),31.990.000,16,GB,SSD,1,TB,14.0,"Full HD+, Cảm ứng","CPU: Core 7, 150U",Card: Intel Graphics,"Pin: 4-cell, 64 Wh",1.71,5.0,https://www.thegioididong.com/laptop/dell-inspiron-7440-core-7-n7440c7u161w11ibu,DELL,Inspiron
Dell XPS 13 9340 Ultra 7 155H (HXRGT),54.990.000,16,GB,SSD,1,TB,13.4,"QHD+ (2560 x 1600), Cảm ứng","CPU: Ultra 7, 155H",Card: Intel Arc Graphics,"Pin: 3-cell, 55 Wh",1.17,5.0,https://www.thegioididong.com/laptop/dell-xps-13-9340-ultra-7-hxrgt,DELL,XPS
Dell Latitude 3540 i5 1235U (71038100),16.990.000,16,GB,SSD,512,GB,15.6,Full HD (1920 x 1080),"CPU: i5, 1235U, 1.3GHz",Card: Intel Iris Xe,"Pin: 3-cell, 42Wh",1.81,5.0,https://www.thegioididong.com/laptop/dell-latitude-3540-i5-71038100,DELL,Latitude
Dell Inspiron 16 5640 Core 7 150U (N6I7512W1),31.490.000,16,GB,SSD,1,TB,16.0,"2.5K, 120Hz","CPU: Core 7, 150U","Card: NVIDIA Geforce MX570A, 2 GB","Pin: 4-cell, 54Wh",1.87,5.0,https://www.thegioididong.com/laptop/dell-inspiron-16-5640-core-7-n6i7512w1,DELL,Inspiron
Dell G15 5530 i9 13900HX (i9HX161W11GR4060),40.990.000,16,GB,SSD,1,TB,15.6,"Full HD (1920 x 1080), 165Hz","CPU: i9, 13900HX, 3.90 GHz",Card: RTX 4060 8GB,"Pin: 6-cell Li-ion, 86 Wh",2.81,5.0,https://www.thegioididong.com/laptop/dell-g15-5530-i9-i9hx161w11gr4060,DELL,Gaming G-series
Dell XPS 13 9340 Ultra 5 125H (XPSU5934W1),51.990.000,16,GB,SSD,2,TB,13.4,"QHD+ (2560 x 1600), 120Hz","CPU: Ultra 5, 125H, 1.2GHz",Card: Intel Arc Graphics,"Pin: 3-cell, 55 Wh",1.22,5.0,https://www.thegioididong.com/laptop/dell-xps-13-9340-ultra-5-xpsu5934w1,DELL,XPS
Dell Inspiron 14 5430 i5 1340P (N5430-i5P165W11SL2050),27.990.000,16,GB,SSD,512,GB,14.0,"QHD+ (2560 x 1600) 16:10, 120Hz","CPU: i5, 1340P, 1.9GHz",Card: RTX 2050 4GB,"Pin: 4-cell, 54Wh",1.78,5.0,https://www.thegioididong.com/laptop/dell-inspiron-14-5430-i5-i5p165w11sl2050,DELL,Inspiron
Dell G15 5530 i7 13650HX (i7HX161W11GR4060),36.990.000,16,GB,SSD,1,TB,15.6,"Full HD (1920 x 1080), 165Hz","CPU: i7, 13650HX, 2.6GHz",Card: RTX 4060 8GB,"Pin: 6-cell Li-ion, 86 Wh",2.81,5.0,https://www.thegioididong.com/laptop/dell-g15-5530-i7-i7hx161w11gr4060,DELL,Gaming G-series
Dell Inspiron 15 3530 i7 1355U (N5I7240W1),21.490.000,16,GB,SSD,512,GB,15.6,"Full HD (1920 x 1080), 120Hz","CPU: i7, 1355U, 1.7GHz",Card: Intel Iris Xe,"Pin: 4-cell, 54Wh",1.66,,https://www.thegioididong.com/laptop/dell-inspiron-15-3530-i7-n5i7240w1,DELL,Inspiron
Dell Inspiron 15 3520 i7 1255U (N3520-i7U165W11BLU-FP),19.990.000,16,GB,SSD,512,GB,15.6,"Full HD (1920 x 1080), 120Hz","CPU: i7, 1255U, 1.7GHz",Card: Intel Iris Xe,"Pin: 4-cell, 54Wh",1.9,,https://www.thegioididong.com/laptop/dell-inspiron-15-3520-i7-n3520i7u165w11blufp,DELL,Inspiron
Dell Inspiron 15 3520 i7 1255U (25P2315),19.990.000,16,GB,SSD,512,GB,15.6,"Full HD (1920 x 1080), 120Hz","CPU: i7, 1255U, 1.7GHz",Card: Intel Iris Xe,"Pin: 4-cell, 54Wh",1.65,,https://www.thegioididong.com/laptop/dell-inspiron-15-3520-i7-25p2315,DELL,Inspiron
Dell Inspiron 15 3520 i7 1255U (N5I7125W1),19.990.000,16,GB,SSD,512,GB,15.6,"Full HD (1920 x 1080), 120Hz","CPU: i7, 1255U, 1.7GHz",Card: Intel Iris Xe,"Pin: 4-cell, 54Wh",1.66,,https://www.thegioididong.com/laptop/dell-inspiron-15-3520-i7-n5i7125w1,DELL,Inspiron
Dell Inspiron 14 5440 i5 1334U (NDY5V1),19.490.000,16,GB,SSD,512,GB,14.0,Full HD+ (1920 x 1200),"CPU: i5, 1334U, 1.3GHz",Card: Intel Iris Xe,"Pin: 3-cell, 41Wh",1.54,,https://www.thegioididong.com/laptop/dell-inspiron-14-5440-i5-ndy5v1,DELL,Inspiron
HP 15 fd0303TU i3 1315U (A2NL4PA),11.890.000,8,GB,SSD,512,GB,15.6,Full HD (1920 x 1080),"CPU: i3, 1315U",Card: Intel UHD,"Pin: 3-cell, 41Wh",1.59,5.0,https://www.thegioididong.com/laptop/hp-15-fd0303tu-i3-a2nl4pa,HP,15
HP 15 fc0085AU R5 7430U (A6VV8PA),12.990.000,16,GB,SSD,512,GB,15.6,Full HD (1920 x 1080),"CPU: Ryzen 5, 7430U, 2.30 GHz",Card: Radeon,"Pin: 3-cell, 41Wh",1.59,4.9,https://www.thegioididong.com/laptop/hp-15-fc0085au-r5-a6vv8pa,HP,15
HP 245 G10 R5 7530U (A20TDPT),12.490.000,8,GB,SSD,512,GB,14.0,Full HD (1920 x 1080),"CPU: Ryzen 5, 7530U, 2GHz",Card: Radeon,"Pin: 3-cell, 41Wh",1.36,4.9,https://www.thegioididong.com/laptop/hp-245-g10-r5-a20tdpt,HP,245
HP 15 fd0234TU i5 1334U (9Q969PA),16.790.000,16,GB,SSD,512,GB,15.6,Full HD (1920 x 1080),"CPU: i5, 1334U, 1.3GHz",Card: Intel Iris Xe,"Pin: 3-cell, 41Wh",1.59,4.9,https://www.thegioididong.com/laptop/hp-15-fd0234tu-i5-9q969pa,HP,15
HP 240 G9 i5 1235U (AG2J7AT),16.490.000,16,GB,SSD,512,GB,14.0,Full HD (1920 x 1080),"CPU: i5, 1235U, 1.3GHz",Card: Intel UHD,"Pin: 3-cell, 41Wh",1.47,5.0,https://www.thegioididong.com/laptop/hp-240-g9-i5-ag2j7at,HP,240
HP Pavilion 15 eg3093TU i5 1335U (8C5L4PA),18.790.000,16,GB,SSD,512,GB,15.6,Full HD (1920 x 1080),"CPU: i5, 1335U, 1.3GHz",Card: Intel Iris Xe,"Pin: 3-cell, 41Wh",1.69,4.9,https://www.thegioididong.com/laptop/hp-pavilion-15-eg3093tu-i5-8c5l4pa,HP,Pavilion
HP Pavilion X360 14 ek2024TU Core 5 120U (9Z2V6PA),23.490.000,16,GB,SSD,512,GB,14.0,"Full HD (1920 x 1080), Cảm ứng","CPU: Core 5, 120U, 1.4GHz",Card: Intel Graphics,"Pin: 3-cell, 43Wh",1.51,5.0,https://www.thegioididong.com/laptop/hp-pavilion-x360-14-ek2024tu-core-5-9z2v6pa,HP,Pavilion
HP 15 fd1063TU Ultra 5 125H (9Z2Y1PA),19.990.000,16,GB,SSD,512,GB,15.6,Full HD (1920 x 1080),"CPU: Ultra 5, 125H, 1.2GHz",Card: Intel Graphics,"Pin: 3-cell, 41Wh",1.65,5.0,https://www.thegioididong.com/laptop/hp-15-fd1063tu-ultra-5-9z2y1pa,HP,15
HP Gaming VICTUS 15 fb1022AX R5 7535HS (94F19PA),17.990.000,16,GB,SSD,512,GB,15.6,"Full HD (1920 x 1080), 144Hz","CPU: Ryzen 5, 7535HS, 3.3GHz",Card: RTX 2050 4GB,"Pin: 3-cell, 52.5Wh",2.29,5.0,https://www.thegioididong.com/laptop/hp-victus-15-fb1022ax-r5-94f19pa,HP,Victus
HP Pavilion 15 eg2081TU i5 1240P (7C0Q4PA),16.690.000,16,GB,SSD,512,GB,15.6,Full HD (1920 x 1080),"CPU: i5, 1240P, 1.7GHz",Card: Intel Iris Xe,"Pin: 3-cell, 41Wh",1.72,4.9,https://www.thegioididong.com/laptop/hp-pavilion-15-eg2081tu-i5-7c0q4pa?utm_flashsale=1,HP,Pavilion
HP 240 G9 i3 1215U (AG2J5AT),11.490.000,8,GB,SSD,512,GB,14.0,Full HD (1920 x 1080),"CPU: i3, 1215U, 1.2GHz",Card: Intel UHD,"Pin: 3-cell, 41Wh",1.42,5.0,https://www.thegioididong.com/laptop/hp-240-g9-i3-ag2j5at,HP,240
HP Pavilion 15 eg3091TU i7 1355U (8C5L2PA),23.490.000,16,GB,SSD,512,GB,15.6,Full HD (1920 x 1080),"CPU: i7, 1355U, 1.7GHz",Card: Intel Iris Xe,"Pin: 3-cell, 41Wh",1.69,4.9,https://www.thegioididong.com/laptop/hp-pavilion-15-eg3091tu-i7-8c5l2pa,HP,Pavilion
HP 240 G9 i3 1215U (6L1X7PA),9.490.000,8,GB,SSD,256,GB,14.0,Full HD (1920 x 1080),"CPU: i3, 1215U, 1.2GHz",Card: Intel UHD,"Pin: 3-cell, 41Wh",1.41,4.9,https://www.thegioididong.com/laptop/hp-240-g9-i3-6l1x7pa?utm_flashsale=1,HP,240
HP 240 G10 i5 1335U (9H2E4PT),17.590.000,16,GB,SSD,512,GB,14.0,Full HD (1920 x 1080),"CPU: i5, 1335U, 1.3GHz",Card: Intel UHD,"Pin: 3-cell, 41Wh",1.36,4.9,https://www.thegioididong.com/laptop/hp-240-g10-i5-9h2e4pt,HP,240
HP Gaming VICTUS 15 fa1139TX i5 12450H (8Y6W3PA),18.990.000,16,GB,SSD,512,GB,15.6,"Full HD (1920 x 1080), 144Hz","CPU: i5, 12450H, 2GHz",Card: RTX 2050 4GB,"Pin: 3-cell, 52.5Wh",2.29,4.9,https://www.thegioididong.com/laptop/hp-victus-15-fa1139tx-i5-8y6w3pa,HP,Victus
HP 15s fq5229TU i3 1215U (8U237PA),11.190.000,8,GB,SSD,512,GB,15.6,Full HD (1920 x 1080),"CPU: i3, 1215U, 1.2GHz",Card: Intel UHD,"Pin: 3-cell, 41Wh",1.69,4.9,https://www.thegioididong.com/laptop/hp-15s-fq5229tu-i3-8u237pa?utm_flashsale=1,HP,15s
HP 15 fd0015TU i7 1355U (A19C5PA),20.990.000,16,GB,SSD,512,GB,15.6,Full HD (1920 x 1080),"CPU: i7, 1355U, 1.7GHz",Card: Intel Iris Xe,"Pin: 3-cell, 41Wh",1.59,4.9,https://www.thegioididong.com/laptop/hp-15-fd0015tu-i7-a19c5pa,HP,15
HP 240 G8 i3 1115G4 (6L1A2PA),9.490.000,8,GB,SSD,512,GB,14.0,Full HD (1920 x 1080),"CPU: i3, 1115G4, 3GHz",Card: Intel UHD,"Pin: 3-cell, 41Wh",1.4,4.9,https://www.thegioididong.com/laptop/hp-240-g8-i3-6l1a2pa?utm_flashsale=1,HP,240
HP Pavilion 15 eg2088TU i7 1260P (7C0R0PA),21.390.000,16,GB,SSD,512,GB,15.6,Full HD (1920 x 1080),"CPU: i7, 1260P, 2.1GHz",Card: Intel Iris Xe,"Pin: 3 cell, 41.04 Wh",1.74,4.9,https://www.thegioididong.com/laptop/hp-pavilion-15-eg2088tu-i7-7c0r0pa,HP,Pavilion
HP 240 G9 i5 1235U (9T2G2PT),16.490.000,16,GB,SSD,512,GB,14.0,Full HD (1920 x 1080),"CPU: i5, 1235U, 1.3GHz",Card: Intel UHD,"Pin: 3 cell, 41.04 Wh",1.42,5.0,https://www.thegioididong.com/laptop/hp-240-g9-i5-9t2g2pt,HP,240
HP Envy x360 14 fc0094TU Ultra 5 125U (A19C4PA),27.290.000,16,GB,SSD,512,GB,14.0,"2.8K (2880 x 1800) - OLED 16:10, Cảm ứng","CPU: Ultra 5, 125U, 1.3GHz",Card: Intel Graphics,"Pin: 3-cell Li-ion, 59 Wh",1.39,5.0,https://www.thegioididong.com/laptop/hp-envy-x360-14-fc0094tu-ultra-5-a19c4pa,HP,Envy
HP 15s fq5147TU i7 1255U (7C133PA),13.990.000,8,GB,SSD,512,GB,15.6,Full HD (1920 x 1080),"CPU: i7, 1255U, 1.7GHz",Card: Intel Iris Xe,"Pin: 3-cell, 41Wh",1.69,4.9,https://www.thegioididong.com/laptop/hp-15s-fq5147tu-i7-7c133pa?utm_flashsale=1,HP,15s
HP Envy x360 14 fc0089TU Ultra 7 155U (A19BZPA),30.790.000,16,GB,SSD,512,GB,14.0,"2.8K (2880 x 1800) - OLED 16:10, Cảm ứng","CPU: Ultra 7, 155U, 1.7GHz",Card: Intel Graphics,"Pin: 3-cell Li-ion, 59 Wh",1.39,5.0,https://www.thegioididong.com/laptop/hp-envy-x360-14-fc0089tu-ultra-7-a19bzpa,HP,Envy
HP 240 G9 i5 1235U (6L1Y2PA),14.490.000,8,GB,SSD,512,GB,14.0,Full HD (1920 x 1080),"CPU: i5, 1235U, 1.3GHz",Card: Intel UHD,"Pin: 3-cell, 41Wh",1.47,4.9,https://www.thegioididong.com/laptop/hp-240-g9-i5-6l1y2pa?utm_flashsale=1,HP,240
HP Pavilion X360 14 ek1047TU i7 1355U (80R25PA),24.990.000,16,GB,SSD,512,GB,14.0,"Full HD (1920 x 1080), Cảm ứng","CPU: i7, 1355U, 1.7GHz",Card: Intel Iris Xe,"Pin: 3-cell, 43Wh",1.53,4.9,https://www.thegioididong.com/laptop/hp-pavilion-x360-14-ek1047tu-i7-80r25pa?utm_flashsale=1,HP,Pavilion
HP Elitebook 630 G10 i7 1355U (873F2PA),27.490.000,16,GB,SSD,512,GB,13.3,Full HD (1920 x 1080),"CPU: i7, 1355U, 1.7GHz",Card: Intel UHD,"Pin: 3-cell, 42Wh",1.22,5.0,https://www.thegioididong.com/laptop/hp-elitebook-630-g10-i7-873f2pa,HP,EliteBook
HP Pavilion 15 eg2082TU i5 1240P (7C0Q5PA),14.290.000,8,GB,SSD,512,GB,15.6,Full HD (1920 x 1080),"CPU: i5, 1240P, 1.7GHz",Card: Intel Iris Xe,"Pin: 3 cell, 41.04 Wh",1.72,4.9,https://www.thegioididong.com/laptop/hp-pavilion-15-eg2082tu-i5-7c0q5pa?utm_flashsale=1,HP,Pavilion
HP Pavilion X360 14 ek2027TU Core 7 150U (9Z2V9PA),26.590.000,16,GB,SSD,512,GB,14.0,"Full HD (1920 x 1080), Cảm ứng","CPU: Core 7, 150U",Card: Intel Graphics,"Pin: 3-cell, 43Wh",1.51,5.0,https://www.thegioididong.com/laptop/hp-pavilion-x360-14-ek2027tu-core-7-9z2v9pa,HP,Pavilion
HP Elitebook 630 G10 i5 1335U (9J0B4PT),22.490.000,16,GB,SSD,512,GB,13.3,Full HD (1920 x 1080),"CPU: i5, 1335U, 1.3GHz",Card: Intel UHD,"Pin: 3-cell, 42Wh",1.22,5.0,https://www.thegioididong.com/laptop/hp-elitebook-630-g10-i5-19j0b4pt,HP,EliteBook
HP Pavilion 15 eg2062TX i5 1235U (7C0W7PA),16.990.000,8,GB,SSD,512,GB,15.6,Full HD (1920 x 1080),"CPU: i5, 1235U, 1.3GHz",Card: MX550 2GB,"Pin: 3 cell, 41.04 Wh",1.74,4.9,https://www.thegioididong.com/laptop/hp-pavilion-15-eg2062tx-i5-7c0w7pa?utm_flashsale=1,HP,Pavilion
HP Gaming VICTUS 16 s0173AX R5 7640HS (A9LG9PA),22.690.000,16,GB,SSD,512,GB,16.1,"Full HD (1920 x 1080), 144Hz","CPU: Ryzen 5, 7640HS, 4.30 GHz",Card: RTX 3050 6GB,"Pin: 4-cell, 70Wh",2.31,5.0,https://www.thegioididong.com/laptop/hp-victus-16-s0173ax-r5-a9lg9pa,HP,Victus
HP 15 fd1064TU Ultra 5 125H (9Z2Y2PA),19.990.000,16,GB,SSD,512,GB,15.6,Full HD (1920 x 1080),"CPU: Ultra 5, 125H, 1.2GHz",Card: Intel Arc Graphics,"Pin: 3-cell, 41Wh",1.65,5.0,https://www.thegioididong.com/laptop/hp-15-fd1064tu-ultra-5-9z2y2pa?utm_flashsale=1,HP,15
HP 15s fq5162TU i5 1235U (7C134PA),12.990.000,8,GB,SSD,512,GB,15.6,Full HD (1920 x 1080),"CPU: i5, 1235U, 1.3GHz",Card: Intel Iris Xe,"Pin: 3-cell, 41Wh",1.7,4.9,https://www.thegioididong.com/laptop/hp-15s-fq5162tu-i5-7c134pa?utm_flashsale=1,HP,15s
HP Envy x360 14 fc0162TU Ultra 5 125U (AY8X1PA),27.690.000,16,GB,SSD,512,GB,14.0,"2.8K (2880 x 1800) - OLED, Cảm ứng","CPU: Ultra 5, 125U, 1.3GHz",Card: Intel Graphics,"Pin: 3-cell Li-ion, 59 Wh",1.39,5.0,https://www.thegioididong.com/laptop/hp-envy-x360-14-fc0162tu-ultra-5-ay8x1pa,HP,Envy
HP Pavilion 15 eg3094TU i5 1335U (8C5L5PA),16.590.000,8,GB,SSD,512,GB,15.6,Full HD (1920 x 1080),"CPU: i5, 1335U, 1.3GHz",Card: Intel Iris Xe,"Pin: 3-cell, 41Wh",1.69,5.0,https://www.thegioididong.com/laptop/hp-pavilion-15-eg3094tu-i5-8c5l5pa?utm_flashsale=1,HP,Pavilion
HP Probook 450 G10 i7 1355U (873D3PA),24.990.000,16,GB,SSD,512,GB,15.6,Full HD (1920 x 1080),"CPU: i7, 1355U, 1.7GHz",Card: Intel UHD,"Pin: 3-cell, 51Wh",1.79,,https://www.thegioididong.com/laptop/hp-probook-450-g10-i7-873d3pa,HP,ProBook
HP Pavilion 15 eg3095TU i5 1335U (8C5L6PA),16.590.000,8,GB,SSD,512,GB,15.6,Full HD (1920 x 1080),"CPU: i5, 1335U, 1.3GHz",Card: Intel Iris Xe,"Pin: 3-cell, 41Wh",1.74,5.0,https://www.thegioididong.com/laptop/hp-pavilion-15-eg3095tu-i5-8c5l6pa?utm_flashsale=1,HP,Pavilion
HP Gaming VICTUS 16 s0078AX R5 7640HS (8C5N7PA),22.690.000,16,GB,SSD,512,GB,16.1,"Full HD (1920 x 1080), 144Hz","CPU: Ryzen 5, 7640HS, 4.30 GHz",Card: RTX 3050 6GB,"Pin: 4-cell, 70Wh",2.31,5.0,https://www.thegioididong.com/laptop/hp-victus-16-s0078ax-r5-8c5n7pa?utm_flashsale=1,HP,Victus
HP Probook 450 G10 i5 1335U (9H1N5PT),21.490.000,16,GB,SSD,512,GB,15.6,Full HD (1920 x 1080),"CPU: i5, 1335U, 1.3GHz",Card: Intel UHD,"Pin: 3-cell, 51Wh",1.72,5.0,https://www.thegioididong.com/laptop/hp-probook-450-g10-i5-9h1n5pt,HP,ProBook
HP 240 G9 i3 1215U (6L1X8PA),11.490.000,8,GB,SSD,512,GB,14.0,Full HD (1920 x 1080),"CPU: i3, 1215U, 1.2GHz",Card: Intel UHD,"Pin: 3 cell, 41.04 Wh",1.42,5.0,https://www.thegioididong.com/laptop/hp-240-g9-i3-6l1x8pa,HP,240
HP 15 fd0304TU i3 1315U (A2NL5PA),11.890.000,8,GB,SSD,512,GB,15.6,Full HD (1920 x 1080),"CPU: i3, 1315U",Card: Intel UHD,"Pin: 3-cell, 41Wh",1.59,4.9,https://www.thegioididong.com/laptop/hp-15-fd0304tu-i3-a2nl5pa?utm_flashsale=1,HP,15
HP Probook 450 G10 i5 1335U (873D1PA),21.490.000,16,GB,SSD,512,GB,15.6,Full HD (1920 x 1080),"CPU: i5, 1335U, 1.3GHz",Card: Intel UHD,"Pin: 3-cell, 51Wh",1.79,5.0,https://www.thegioididong.com/laptop/hp-probook-450-g10-i5-873d1pa,HP,ProBook
HP Probook 450 G10 i7 1355U (9H8H1PT),24.990.000,16,GB,SSD,512,GB,15.6,Full HD (1920 x 1080),"CPU: i7, 1355U, 1.7GHz",Card: Intel UHD,"Pin: 3-cell, 51Wh",1.72,5.0,https://www.thegioididong.com/laptop/hp-probook-450-g10-i7-9h8h1pt,HP,ProBook
HP VICTUS 16 r0283TX i5 13500H (AD9T3PA),24.990.000,16,GB,SSD,512,GB,16.1,"Full HD (1920 x 1080), 144Hz","CPU: i5, 13500H, 2.6GHz",Card: RTX 3050 6GB,"Pin: 4-cell, 70Wh",2.31,5.0,https://www.thegioididong.com/laptop/hp-victus-16-r0283tx-i5-ad9t3pa,HP,Victus
HP Envy X360 14 fa0048AU R7 8840HS (A19BQPA),28.990.000,16,GB,SSD,512,GB,14.0,"2.8K (2880 x 1800) - OLED 16:10, Cảm ứng","CPU: Ryzen 7, 8840HS, 3.3GHz",Card: Radeon,"Pin: 3-cell Li-ion, 59 Wh",1.39,5.0,https://www.thegioididong.com/laptop/hp-envy-x360-14-fa0048au-r7-a19bqpa,HP,Envy
HP Envy X360 14 fc0083TU Ultra 7 155U (A19BSPA),33.890.000,32,GB,SSD,1,TB,14.0,"2.8K (2880 x 1800) - OLED 16:10, Cảm ứng","CPU: Ultra 7, 155U, 1.7GHz",Card: Intel Graphics,"Pin: 3-cell Li-ion, 59 Wh",1.39,4.9,https://www.thegioididong.com/laptop/hp-envy-x360-14-fc0083tu-ultra-7-a19bspa,HP,Envy
HP VICTUS 16 r0127TX i7 13700H (8C5N2PA),34.790.000,16,GB,SSD,512,GB,16.1,"Full HD (1920 x 1080), 144Hz","CPU: i7, 13700H",Card: RTX 4060 8GB,"Pin: 4-cell, 70Wh",2.33,5.0,https://www.thegioididong.com/laptop/hp-victus-16-r0127tx-i7-8c5n2pa,HP,Victus
HP Pavilion 15 eg3098TU i3 1315U (8C5L9PA),10.990.000,8,GB,SSD,256,GB,15.6,Full HD (1920 x 1080),"CPU: i3, 1315U, 1.2GHz",Card: Intel UHD,"Pin: 3-cell, 41Wh",1.68,5.0,https://www.thegioididong.com/laptop/hp-pavilion-15-eg3098tu-i3-8c5l9pa?utm_flashsale=1,HP,Pavilion
HP Spectre X360 14 eu0050TU Ultra 7 155H (A19BLPA),51.790.000,32,GB,SSD,1,TB,14.0,"2.8K (2880 x 1800) - OLED, 120Hz","CPU: Ultra 7, 155H",Card: Intel Arc Graphics,"Pin: 4-cell, 68Wh",1.44,5.0,https://www.thegioididong.com/laptop/hp-spectre-x360-14-eu0050tu-ultra-7-a19blpa,HP,Spectre
HP Gaming VICTUS 16 s0139AX R7 7840HS (9Q986PA),34.990.000,32,GB,SSD,512,GB,16.1,"Full HD (1920 x 1080), 144Hz","CPU: Ryzen 7, 7840HS, 3.8GHz",Card: RTX 4060 8GB,"Pin: 4-cell, 70Wh",2.33,5.0,https://www.thegioididong.com/laptop/hp-victus-16-s0139ax-r7-9q986pa,HP,Victus
HP Envy X360 14 fa0050AU R5 8640HS (A29H8PA),26.790.000,16,GB,SSD,512,GB,14.0,"2.8K (2880 x 1800) - OLED 16:10, Cảm ứng","CPU: Ryzen 5, 8640HS, 3.5 GHz",Card: Radeon,"Pin: 3-cell Li-ion, 59 Wh",1.39,5.0,https://www.thegioididong.com/laptop/hp-envy-x360-14-fa0050au-r5-a29h8pa,HP,Envy
HP Elitebook 630 G10 i7 1355U (9H1N9PT),27.490.000,16,GB,SSD,512,GB,13.3,Full HD (1920 x 1080),"CPU: i7, 1355U, 1.7GHz",Card: Intel UHD,"Pin: 3-cell, 42Wh",1.28,5.0,https://www.thegioididong.com/laptop/hp-elitebook-630-g10-i7-9h1n9pt,HP,EliteBook
HP Probook 460 G11 Ultra 5 125U (A74BTPT),22.990.000,16,GB,SSD,512,GB,16.0,WUXGA,"CPU: Ultra 5, 125U, 1.3GHz",Card: Intel Graphics,"Pin: 3-cell, 56Wh",1.786,,https://www.thegioididong.com/laptop/hp-probook-460-g11-ultra-5-a74btpt,HP,ProBook
HP Gaming VICTUS 16 r0130TX i5 13500H (8C5N5PA),24.990.000,16,GB,SSD,512,GB,16.1,"Full HD (1920 x 1080), 144Hz","CPU: i5, 13500H, 2.6GHz",Card: RTX 3050 6GB,"Pin: 4-cell, 70Wh",2.34,4.9,https://www.thegioididong.com/laptop/hp-gaming-victus-16-r0130tx-i5-8c5n5pa?utm_flashsale=1,HP,Victus
HP Gaming VICTUS 16 s0077AX R7 7840HS (8C5N6PA),28.990.000,16,GB,SSD,512,GB,16.1,"Full HD (1920 x 1080), 144Hz","CPU: Ryzen 7, 7840HS, 3.8GHz",Card: RTX 3050 6GB,"Pin: 4-cell, 70Wh",2.34,5.0,https://www.thegioididong.com/laptop/hp-gaming-victus-16-s0077ax-r7-8c5n6pa,HP,Victus
HP Elitebook 630 G11 Ultra 7 155U (A7LC5PT),30.990.000,16,GB,SSD,512,GB,13.3,WUXGA,"CPU: Ultra 7, 155U, 1.7GHz",Card: Intel Graphics,"Pin: 3-cell, 56Wh",1.347,5.0,https://www.thegioididong.com/laptop/hp-elitebook-630-g11-ultra-7-a7lc5pt,HP,EliteBook
HP Pavilion 15 eg2034TX i7 1255U (6K780PA),19.990.000,8,GB,SSD,512,GB,15.6,Full HD (1920 x 1080),"CPU: i7, 1255U, 1.7GHz",Card: MX550 2GB,"Pin: 3-cell, 41Wh",1.74,4.9,https://www.thegioididong.com/laptop/hp-pavilion-15-eg2034tx-i7-6k780pa,HP,Pavilion
HP Elitebook 630 G11 Ultra 5 125U (A7LL8PT),24.990.000,16,GB,SSD,512,GB,13.3,WUXGA,"CPU: Ultra 5, 125U, 1.3GHz",Card: Intel Graphics,"Pin: 3-cell, 56Wh",1.358,,https://www.thegioididong.com/laptop/hp-elitebook-630-g11-ultra-5-a7ll8pt,HP,EliteBook
HP Gaming VICTUS 16 s0140AX R7 7840HS (9Q987PA),32.490.000,32,GB,SSD,512,GB,16.1,"Full HD (1920 x 1080), 144Hz","CPU: Ryzen 7, 7840HS, 3.8GHz",Card: RTX 4050 6GB,"Pin: 4-cell, 70Wh",2.33,5.0,https://www.thegioididong.com/laptop/hp-victus-16-s0140ax-r7-9q987pa,HP,Victus
HP OMEN 16 xf0070AX R9 7940HS (8W945PA),55.990.000,32,GB,SSD,1,TB,16.1,"QHD, 240Hz","CPU: Ryzen 9, 7940HS, 4GHz",Card: RTX 4070 8GB,"Pin: 6-cell Li-ion, 83 Wh",2.37,5.0,https://www.thegioididong.com/laptop/hp-omen-16-xf0070ax-r9-8w945pa,HP,Omen
HP Gaming VICTUS 16 r0128TX i5 13450HX (8C5N3PA),28.290.000,16,GB,SSD,512,GB,16.1,"Full HD (1920 x 1080), 144Hz","CPU: i5, 13450HX, 2.4GHz",Card: RTX 4050 6GB,"Pin: 4-cell, 70Wh",2.34,5.0,https://www.thegioididong.com/laptop/hp-gaming-victus-16-r0128tx-i5-8c5n3pa,HP,Victus
HP Elitebook 630 G10 i5 1335U (9J0B5PT),23.290.000,16,GB,SSD,512,GB,13.3,"Full HD (1920 x 1080), Cảm ứng","CPU: i5, 1335U, 1.3GHz",Card: Intel UHD,"Pin: 3-cell, 42Wh",1.22,5.0,https://www.thegioididong.com/laptop/hp-elitebook-630-g10-i5-9j0b5pt,HP,EliteBook
HP Gaming VICTUS 16 r0228TX i5 13500H (9Q979PA),30.990.000,32,GB,SSD,512,GB,16.1,"Full HD (1920 x 1080), 144Hz","CPU: i5, 13500H, 2.6GHz",Card: RTX 4050 6GB,"Pin: 4-cell, 70Wh",2.33,5.0,https://www.thegioididong.com/laptop/hp-victus-16-r0228tx-i5-9q979pa,HP,Victus
HP Gaming VICTUS 16 r0227TX i5 13500H (9Q978PA),32.490.000,32,GB,SSD,512,GB,16.1,"Full HD (1920 x 1080), 144Hz","CPU: i5, 13500H, 2.6GHz",Card: RTX 4060 8GB,"Pin: 4-cell, 70Wh",2.33,5.0,https://www.thegioididong.com/laptop/hp-victus-16-r0227tx-i5-9q978pa,HP,Victus
HP Gaming VICTUS 16 s0138AX R7 7840HS (9Q985PA),37.990.000,32,GB,SSD,512,GB,16.1,"Full HD (1920 x 1080), 144Hz","CPU: Ryzen 7, 7840HS, 3.8GHz",Card: RTX 4070 8GB,"Pin: 4-cell, 70Wh",2.33,5.0,https://www.thegioididong.com/laptop/hp-victus-16-s0138ax-r7-9q985pa,HP,Victus
HP OMEN 16 xf0071AX R7 7840HS (8W946PA),51.990.000,32,GB,SSD,1,TB,16.1,"QHD, 240Hz","CPU: Ryzen 7, 7840HS, 3.8GHz",Card: RTX 4060 8GB,"Pin: 6-cell Li-ion, 83 Wh",2.37,,https://www.thegioididong.com/laptop/hp-omen-16-xf0071ax-r7-8w946pa,HP,Omen
HP Probook 460 G11 Ultra 7 155U (A74C0PT),26.990.000,16,GB,SSD,512,GB,16.0,WUXGA,"CPU: Ultra 7, 155U, 1.7GHz",Card: Intel Graphics,"Pin: 3-cell, 56Wh",1.764,,https://www.thegioididong.com/laptop/hp-probook-460-g11-ultra-7-a74c0pt,HP,ProBook
HP Elitebook X360 830 G11 Ultra 7 165U (A7RC0PT),48.790.000,16,GB,SSD,512,GB,13.3,"WUXGA, Cảm ứng","CPU: Ultra 7, 165U, 1.7GHz",Card: Intel Graphics,"Pin: 3-cell, 56Wh",1.4,,https://www.thegioididong.com/laptop/hp-elitebook-x360-830-g11-ultra-7-a7rc0pt,HP,EliteBook
HP Envy X360 14 fa0097AU R5 8640HS (AY8U7PA),27.390.000,16,GB,SSD,512,GB,14.0,"2.8K (2880 x 1800) - OLED, Cảm ứng","CPU: Ryzen 5, 8640HS, 1.3GHz",Card: Radeon,"Pin: 3-cell Li-ion, 59 Wh",1.39,,https://www.thegioididong.com/laptop/hp-envy-x360-14-fa0097au-r5-ay8u7pa,HP,Envy
HP Elitebook X360 830 G11 Ultra 5 135U (A7RB9PT),43.790.000,16,GB,SSD,512,GB,13.3,"WUXGA, Cảm ứng","CPU: Ultra 5, 135U, 1.6GHz",Card: Intel Graphics,"Pin: 3-cell, 56Wh",1.4,,https://www.thegioididong.com/laptop/hp-elitebook-x360-830-g11-ultra-5-a7rb9pt,HP,EliteBook
HP Envy X360 14 fc0153TU Ultra 7 155U (AY8V4PA),33.290.000,32,GB,SSD,512,GB,14.0,"2.8K (2880 x 1800) - OLED, Cảm ứng","CPU: Ultra 7, 155U, 1.7GHz",Card: Intel Graphics,"Pin: 3-cell Li-ion, 59 Wh",1.39,,https://www.thegioididong.com/laptop/hp-envy-x360-14-fc0153tu-ultra-7-ay8v4pa,HP,Envy
HP OMEN Transcend 14 fb0135TX Ultra 7 155H (AY8V1PA),65.790.000,16,GB,SSD,1,TB,14.0,"2.8K (2880 x 1800) - OLED, 120Hz","CPU: Ultra 7, 155H, 3.8GHz",Card: RTX 4060 8GB,"Pin: 6-cell Li-ion, 71 Wh",1.63,,https://www.thegioididong.com/laptop/hp-omen-14-fb0135tx-ultra-7-ay8v1pa,HP,Omen
Lenovo Ideapad Slim 3 15IAH8 i5 12450H (83ER000EVN),13.290.000,16,GB,SSD,512,GB,15.6,Full HD (1920 x 1080),"CPU: i5, 12450H, 2GHz",Card: Intel UHD,Pin: 47 Wh,1.62,4.9,https://www.thegioididong.com/laptop/lenovo-ideapad-slim-3-15iah8-i5-83er00evn,LENOVO,IdeaPad
Lenovo Ideapad Slim 3 15AMN8 R5 7520U (82XQ00J0VN),11.490.000,16,GB,SSD,512,GB,15.6,Full HD (1920 x 1080),"CPU: Ryzen 5, 7520U, 2.8GHz",Card: AMD Radeon 610M,Pin: 47 Wh,1.62,4.9,https://www.thegioididong.com/laptop/lenovo-ideapad-slim-3-15amn8-r5-82xq00j0vn,LENOVO,IdeaPad
Lenovo Ideapad Slim 5 14IAH8 i5 12450H (83BF003WVN),16.290.000,16,GB,SSD,1,TB,14.0,WUXGA,"CPU: i5, 12450H, 2GHz",Card: Intel UHD,Pin: 56.6Wh,1.46,4.9,https://www.thegioididong.com/laptop/lenovo-ideapad-5-14iah8-i5-83bf003wvn?utm_flashsale=1,LENOVO,IdeaPad
Lenovo Ideapad 1 15ALC7 R7 5700U (82R400C1VN),11.990.000,16,GB,SSD,512,GB,15.6,Full HD (1920 x 1080),"CPU: Ryzen 7, 5700U, 1.8GHz",Card: Radeon,Pin: 42 Wh,1.61,4.9,https://www.thegioididong.com/laptop/lenovo-ideapad-1-15alc7-r7-82r400c1vn,LENOVO,IdeaPad
Lenovo Gaming LOQ 15IAX9 i5 12450HX (83GS000JVN),20.690.000,16,GB,SSD,512,GB,15.6,"Full HD (1920 x 1080), 144Hz","CPU: i5, 12450HX",Card: RTX 3050 6GB,Pin: 60 Wh,2.38,4.9,https://www.thegioididong.com/laptop/lenovo-loq-gaming-15iax9-i5-83gs000jvn,LENOVO,LOQ Gaming
Lenovo Ideapad Slim 3 15IRH8 i7 13620H (83EM003FVN),17.990.000,16,GB,SSD,1,TB,15.6,Full HD (1920 x 1080),"CPU: i7, 13620H, 2.4GHz",Card: Intel UHD,Pin: 47 Wh,1.62,4.9,https://www.thegioididong.com/laptop/lenovo-ideapad-slim-3-15irh8-i7-83em003fvn?utm_flashsale=1,LENOVO,IdeaPad
Lenovo Gaming LOQ 15IAX9 i5 12450HX (83GS00D9VN),22.190.000,24,GB,SSD,512,GB,15.6,"Full HD (1920 x 1080), 144Hz","CPU: i5, 12450HX",Card: RTX 3050 6GB,Pin: 60 Wh,2.38,5.0,https://www.thegioididong.com/laptop/lenovo-loq-15iax9-i5-83gs00d9vn,LENOVO,LOQ Gaming
Lenovo Gaming LOQ Essential 15IAX9E i5 12450HX (83LK000BVN),17.490.000,16,GB,SSD,512,GB,15.6,"Full HD (1920 x 1080), 144Hz","CPU: i5, 12450HX, 3.1GHz",Card: RTX 2050 4GB,Pin: 57Wh,1.77,5.0,https://www.thegioididong.com/laptop/lenovo-loq-15iax9e-i5-83lk000bvn,LENOVO,LOQ Gaming
Lenovo Gaming LOQ 15ARP9 R7 7435HS (83JC0040VN),26.290.000,24,GB,SSD,512,GB,15.6,"Full HD (1920 x 1080), 144Hz","CPU: Ryzen 7, 7435HS, 3.1GHz",Card: RTX 4050 6GB,Pin: 60 Wh,2.38,5.0,https://www.thegioididong.com/laptop/lenovo-loq-15arp9-r7-83jc0040vn,LENOVO,LOQ Gaming
Lenovo IdeaPad Slim 5 14IMH9 Ultra 7 155H (83DA0020VN),27.790.000,32,GB,SSD,1,TB,14.0,"WUXGA, OLED","CPU: Ultra 7, 155H, 3.8GHz",Card: Intel Arc Graphics,Pin: 57Wh,1.48,5.0,https://www.thegioididong.com/laptop/lenovo-ideapad-slim-5-14imh9-ultra-7-83da0020vn,LENOVO,IdeaPad
Lenovo V14 G4 i7 1355U (83A00012VN),16.990.000,16,GB,SSD,512,GB,14.0,Full HD (1920 x 1080),"CPU: i7, 1355U, 1.7GHz",Card: Intel Iris Xe,Pin: 38Wh,1.43,4.9,https://www.thegioididong.com/laptop/lenovo-thinkpad-v14-i7-83a00012vn,LENOVO,V Series
Lenovo Ideapad Slim 5 16IMH9 Ultra 7 155H (83DC001SVN),26.790.000,32,GB,SSD,512,GB,16.0,"2K, OLED, 120Hz","CPU: Ultra 7, 155H, 3.8GHz",Card: Intel Arc Graphics,Pin: 57Wh,1.82,5.0,https://www.thegioididong.com/laptop/lenovo-ideapad-slim-5-16imh9-ultra-7-83dc001svn,LENOVO,IdeaPad
Lenovo Ideapad Slim 5 15IRU9 Core 5 120U (83D0000EVN),17.490.000,16,GB,SSD,512,GB,15.3,WUXGA,"CPU: Core 5, 120U, 1.4GHz",Card: Intel Graphics,Pin: 57Wh,1.79,5.0,https://www.thegioididong.com/laptop/lenovo-ideapad-slim-5-15iru9-core-5-83d0000evn,LENOVO,IdeaPad
Lenovo Yoga Slim 7 14IMH9 Ultra 7 155H (83CV001VVN),31.290.000,32,GB,SSD,1,TB,14.0,"WUXGA, OLED","CPU: Ultra 7, 155H, 3.8GHz",Card: Intel Arc Graphics,Pin: 65Wh,1.39,5.0,https://www.thegioididong.com/laptop/lenovo-yoga-7-14imh9-ultra7-83cv001vvn,LENOVO,Yoga
Lenovo V14 Core 5 120U (83HD0001VN),16.990.000,16,GB,SSD,512,GB,14.0,Full HD (1920 x 1080),"CPU: Core 5, 120U, 1.4GHz",Card: Intel Graphics,Pin: 47 Wh,1.37,5.0,https://www.thegioididong.com/laptop/lenovo-v14-core-5-83hd0001vn,LENOVO,V Series
Lenovo IdeaPad Slim 5 14IMH9 Ultra 5 125H (83DA001NVN),21.790.000,16,GB,SSD,512,GB,14.0,"WUXGA, OLED","CPU: Ultra 5, 125H, 1.2GHz",Card: Intel Arc Graphics,Pin: 57Wh,1.48,5.0,https://www.thegioididong.com/laptop/lenovo-ideapad-slim-5-14imh9-ultra-5-83da001nvn,LENOVO,IdeaPad
Lenovo Gaming LOQ 15IAX9 i5 12450HX (83GS00DBVN),19.990.000,24,GB,SSD,512,GB,15.6,"Full HD (1920 x 1080), 144Hz","CPU: i5, 12450HX",Card: RTX 2050 4GB,Pin: 60 Wh,2.38,5.0,https://www.thegioididong.com/laptop/lenovo-loq-15iax9-i5-83gs00dbvn,LENOVO,LOQ Gaming
Lenovo V15 G4 IRU i5 1335U (83A1000LVN),13.490.000,16,GB,SSD,512,GB,15.6,Full HD (1920 x 1080),"CPU: i5, 1335U, 1.3GHz",Card: Intel Iris Xe,Pin: 38Wh,1.67,4.9,https://www.thegioididong.com/laptop/lenovo-v15-g4-iru-i5-83a1000lvn?utm_flashsale=1,LENOVO,V Series
Lenovo Gaming LOQ 15IRX9 i7 13650HX (83DV00D5VN),28.790.000,16,GB,SSD,512,GB,15.6,"Full HD (1920 x 1080), 144Hz","CPU: i7, 13650HX, 2.6GHz",Card: RTX 4050 6GB,Pin: 60 Wh,2.38,5.0,https://www.thegioididong.com/laptop/lenovo-loq-15irx9-i7-83dv00d5vn,LENOVO,LOQ Gaming
Lenovo ThinkBook 14 Ultra 7 155U (21MR0072VN),24.990.000,16,GB,SSD,512,GB,14.0,WUXGA,"CPU: Ultra 7, 155U, 1.7GHz",Card: Intel Graphics,Pin: 45Wh,1.38,5.0,https://www.thegioididong.com/laptop/lenovo-thinkbook-14-ultra-7-21mr0072vn,LENOVO,ThinkBook
Lenovo Gaming Legion Pro 5 16IRX9 i9 14900HX (83DF0047VN),47.790.000,32,GB,SSD,1,TB,16.0,"WQXGA (2560 x 1600), 240Hz","CPU: i9, 14900HX, 2.2GHz",Card: RTX 4060 8GB,Pin: 80 Wh,2.5,5.0,https://www.thegioididong.com/laptop/lenovo-legion-pro-5-16irx9-i9-83df0047vn,LENOVO,Legion Gaming
Lenovo Ideapad Slim 5 16IMH9 Ultra 5 125H (83DC001RVN),22.790.000,16,GB,SSD,512,GB,16.0,"2K, OLED, 120Hz","CPU: Ultra 5, 125H, 1.2GHz",Card: Intel Arc Graphics,Pin: 57Wh,1.82,5.0,https://www.thegioididong.com/laptop/lenovo-ideapad-slim-5-16imh9-ultra-5-83dc001rvn,LENOVO,IdeaPad
Lenovo ThinkBook 16 G7 Ultra 5 125U (21MS007GVN),20.290.000,16,GB,SSD,512,GB,16.0,WUXGA,"CPU: Ultra 5, 125U, 1.3GHz",Card: Intel Graphics,Pin: 45Wh,1.7,5.0,https://www.thegioididong.com/laptop/lenovo-thinkbook-16-g7-ultra-5-21ms007gvn,LENOVO,ThinkBook
Lenovo Gaming Legion 5 16IRX9 i7 14650HX (83DG0051VN),42.790.000,16,GB,SSD,1,TB,16.0,"WQXGA (2560 x 1600), 165Hz","CPU: i7, 14650HX, 2.2GHz",Card: RTX 4060 8GB,Pin: 80 Wh,2.36,5.0,https://www.thegioididong.com/laptop/lenovo-legion-5-16irx9-i7-83dg0051vn,LENOVO,Legion Gaming
Lenovo ThinkPad E14 Gen 6 Ultra 7 155U (21M7004UVN),25.990.000,16,GB,SSD,512,GB,14.0,WUXGA,"CPU: Ultra 7, 155U, 1.7GHz",Card: Intel Graphics,Pin: 47 Wh,1.44,5.0,https://www.thegioididong.com/laptop/lenovo-thinkpad-e14-ultra-7-21m7004uvn,LENOVO,ThinkPad
Lenovo Gaming Legion Slim 5 16AHP9 R7 8845HS (83DH003BVN),41.790.000,32,GB,SSD,1,TB,16.0,"WQXGA (2560 x 1600), 165Hz","CPU: Ryzen 7, 8845HS, 3.8GHz",Card: RTX 4060 8GB,Pin: 80 Wh,2.3,5.0,https://www.thegioididong.com/laptop/lenovo-legion-slim-5-16ahp9-r7-83dh003bvn,LENOVO,Legion Gaming
Lenovo V15 G5 IRL Core 5 120U (83HF0000VN),16.990.000,16,GB,SSD,512,GB,15.6,Full HD (1920 x 1080),"CPU: Core 5, 120U, 1.4GHz",Card: Intel Graphics,Pin: 47 Wh,1.61,5.0,https://www.thegioididong.com/laptop/lenovo-v15-g5-irl-core-5-83hf0000vn,LENOVO,V Series
Lenovo Yoga Pro 7 14IMH9 Ultra 7 155H (83E2005DVN),45.790.000,32,GB,SSD,1,TB,14.5,"2.8K (2880 x 1800) - OLED, 120Hz","CPU: Ultra 7, 155H",Card: RTX 4050 6GB,Pin: 73Wh,1.59,5.0,https://www.thegioididong.com/laptop/lenovo-yoga-pro-7-14imh9-ultra-7-83e2005dvn,LENOVO,Yoga
Lenovo ThinkBook 14 G6 i7 1355U (21KG00BQVN),20.090.000,16,GB,SSD,512,GB,14.0,WUXGA,"CPU: i7, 1355U, 1.7GHz",Card: Intel Iris Xe,Pin: 45Wh,1.38,,https://www.thegioididong.com/laptop/lenovo-thinkbook-14-g6-i7-21kg00bqvn,LENOVO,ThinkBook
Lenovo ThinkPad E14 Ultra 7 155H (21M70051VN),32.990.000,32,GB,SSD,1,TB,14.0,2.2K,"CPU: Ultra 7, 155H, 3.8GHz",Card: Intel Arc Graphics,Pin: 47 Wh,1.44,,https://www.thegioididong.com/laptop/lenovo-thinkpad-e14-ultra-7-21m70051vn,LENOVO,ThinkPad
Lenovo Gaming Legion Pro 5 16IRX9 i9 14900HX (83DF0046VN),54.790.000,32,GB,SSD,1,TB,16.0,"WQXGA (2560 x 1600), 240Hz","CPU: i9, 14900HX, 2.2GHz",Card: RTX 4070 8GB,Pin: 80 Wh,2.5,5.0,https://www.thegioididong.com/laptop/lenovo-legion-pro-5-16irx9-i9-83df0046vn,LENOVO,Legion Gaming
Lenovo Ideapad Slim 5 14IMH9 Ultra 7 155H (83DA001YVN),26.790.000,32,GB,SSD,512,GB,14.0,"WUXGA, OLED","CPU: Ultra 7, 155H, 3.8GHz",Card: Intel Arc Graphics,Pin: 57Wh,1.48,5.0,https://www.thegioididong.com/laptop/lenovo-ideapad-slim-5-14imh9-ultra-7-83da001yvn,LENOVO,IdeaPad
Lenovo ThinkPad E16 Ultra 7 155H (21MA004PVN),32.490.000,32,GB,SSD,1,TB,16.0,WQXGA (2560 x 1600),"CPU: Ultra 7, 155H, 3.8GHz",Card: Intel Arc Graphics,Pin: 47 Wh,1.81,5.0,https://www.thegioididong.com/laptop/lenovo-thinkpad-e16-ultra-7-21ma004pvn,LENOVO,ThinkPad
Lenovo IdeaPad Slim 5 14Q8X9 X1P 42 100 (83HL000KVN),22.790.000,16,GB,SSD,512,GB,14.0,"WUXGA, OLED","CPU: Snapdragon X Plus, X1P 42 100",Card: Qualcomm Adreno GPU,Pin: 57Wh,1.48,,https://www.thegioididong.com/laptop/lenovo-ideapad-slim-5-14q8x9-x1p-42-100-83hl000kvn,LENOVO,IdeaPad
Lenovo ThinkBook 16 G6 i5 13420H (21KH00Q0VN),17.890.000,16,GB,SSD,512,GB,16.0,WUXGA,"CPU: i5, 13420H, 2.1GHz",Card: Intel UHD,Pin: 71Wh,1.7,,https://www.thegioididong.com/laptop/lenovo-thinkbook-16-g6-i5-21kh00q0vn,LENOVO,ThinkBook
Lenovo Thinkpad X13 Ultra 5 125U (21LU004NVN),32.990.000,16,GB,SSD,512,GB,13.3,WUXGA,"CPU: Ultra 5, 125U, 1.3GHz",Card: Intel Graphics,Pin: 54.7 Wh,1.17,5.0,https://www.thegioididong.com/laptop/lenovo-thinkpad-x13-ultra-5-21lu004nvn,LENOVO,ThinkPad
Lenovo ThinkPad T14s i7 1355U (21F6007XVN),44.290.000,32,GB,SSD,512,GB,14.0,"WUXGA, Cảm ứng","CPU: i7, 1355U, 1.7GHz",Card: Intel Iris Xe,Pin: 57Wh,1.48,,https://www.thegioididong.com/laptop/lenovo-thinkpad-t14s-i7-21f6007xvn,LENOVO,ThinkPad
Lenovo Gaming Legion Pro 7 16IRX9H i9 14900HX (83DE001MVN),106.790.000,32,GB,SSD,1,TB,16.0,"WQXGA (2560 x 1600), 240Hz","CPU: i9, 14900HX, 2.2GHz",Card: RTX 4090 16GB,Pin: 99.9 Wh,2.62,,https://www.thegioididong.com/laptop/lenovo-legion-pro-7-16irx9h-i9-83de001mvn,LENOVO,Legion Gaming
Lenovo Gaming LOQ 15ARP9 R7 7435HS (83JC003YVN),29.290.000,24,GB,SSD,512,GB,15.6,"Full HD (1920 x 1080), 144Hz","CPU: Ryzen 7, 7435HS, 3.1GHz",Card: RTX 4060 8GB,Pin: 60 Wh,2.38,,https://www.thegioididong.com/laptop/lenovo-loq-15iax9-i5-83jc003yvn,LENOVO,LOQ Gaming
Lenovo ThinkBook 16 G7 Ultra 7 155U (21MS007HVN),29.890.000,32,GB,SSD,1,TB,16.0,WUXGA,"CPU: Ultra 7, 155U, 1.7GHz",Card: Intel Graphics,Pin: 45Wh,1.7,,https://www.thegioididong.com/laptop/lenovo-thinkbook-16-g7-ultra-7-21ms007hvn,LENOVO,ThinkBook
Lenovo Thinkpad X13 Ultra 7 155H (21LU004LVN),44.990.000,32,GB,SSD,1,TB,13.3,"WUXGA, Cảm ứng","CPU: Ultra 7, 155H, 3.8GHz",Card: Intel Arc Graphics,Pin: 54.7 Wh,1.17,5.0,https://www.thegioididong.com/laptop/lenovo-thinkpad-x13-ultra-7-21lu004lvn,LENOVO,ThinkPad
Lenovo IdeaPad 5 2in1 14Q8X9 X1P 42 100 (83GH001FVN),25.990.000,16,GB,SSD,512,GB,14.0,"WUXGA, OLED, Cảm ứng","CPU: Snapdragon X Plus, X1P 42 100",Card: Qualcomm Adreno GPU,Pin: 57Wh,1.49,,https://www.thegioididong.com/laptop/lenovo-ideapad-5-2in1-14q8x9-x1p-42-100-83gh001fvn,LENOVO,IdeaPad
Lenovo IdeaPad Flex 5 14ABR8 R7 7730U (82XX00DLVN),18.990.000,16,GB,SSD,512,GB,14.0,"WUXGA, Cảm ứng","CPU: Ryzen 7, 7730U, 2GHz",Card: Radeon,Pin: 52.5 Wh,1.55,,https://www.thegioididong.com/laptop/lenovo-ideapad-flex-5-14abr8-r7-7730u-82xx00dlvn,LENOVO,IdeaPad
Lenovo Gaming LOQ 15IRX9 i7 13650HX (83DV00UGVN),32.990.000,24,GB,SSD,512,GB,15.6,"Full HD (1920 x 1080), 144Hz","CPU: i7, 13650HX, 2.6GHz",Card: RTX 4050 6GB,Pin: 60 Wh,2.38,,https://www.thegioididong.com/laptop/lenovo-loq-15irx9-i7-83dv00ugvn,LENOVO,LOQ Gaming
Lenovo ThinkBook 14 G7 Ultra 7 155U (21MR0070VN),29.590.000,32,GB,SSD,512,GB,14.0,WUXGA,"CPU: Ultra 7, 155U, 1.7GHz",Card: Intel Graphics,Pin: 45Wh,1.38,,https://www.thegioididong.com/laptop/lenovo-thinkbook-14-g7-ultra-7-21mr0070vn,LENOVO,ThinkBook
Lenovo ThinkPad E14 Ultra 7 155H (21M7004YVN),28.890.000,16,GB,SSD,512,GB,14.0,WUXGA,"CPU: Ultra 7, 155H, 3.8GHz",Card: Intel Arc Graphics,Pin: 47 Wh,1.44,,https://www.thegioididong.com/laptop/lenovo-thinkpad-e14-ultra-7-21m7004yvn,LENOVO,ThinkPad
Lenovo ThinkPad E16 Ultra 5 125U (21MA0049VN),26.590.000,32,GB,SSD,1,TB,16.0,WUXGA,"CPU: Ultra 5, 125U, 1.3GHz",Card: Intel Graphics,Pin: 47 Wh,1.81,,https://www.thegioididong.com/laptop/lenovo-thinkpad-e16-ultra-5-21ma0049vn,LENOVO,ThinkPad
Lenovo ThinkPad X1 Carbon Ultra 7 155H (21KC008NVN),56.390.000,32,GB,SSD,1,TB,14.0,WUXGA,"CPU: Ultra 7, 155H, 3.8GHz",Card: Intel Arc Graphics,Pin: 57Wh,1.09,,https://www.thegioididong.com/laptop/lenovo-thinkpad-x1-carbon-ultra-7-21kc008nvn,LENOVO,ThinkPad
Lenovo ThinkPad X1 Carbon Ultra 7 155H (21KC008SVN),60.190.000,32,GB,SSD,1,TB,14.0,"2.8K (2880 x 1800) - OLED 16:10, 120Hz","CPU: Ultra 7, 155H, 3.8GHz",Card: Intel Arc Graphics,Pin: 57Wh,1.09,,https://www.thegioididong.com/laptop/lenovo-thinkpad-x1-carbon-ultra-7-21kc008svn,LENOVO,ThinkPad
Lenovo ThinkPad X1 Carbon Ultra 7 165U (21KC00AGVN),65.390.000,64,GB,SSD,1,TB,14.0,"2.8K (2880 x 1800) - OLED 16:10, 120Hz","CPU: Ultra 7, 165U, 1.7GHz",Card: Intel Graphics,Pin: 57Wh,1.09,,https://www.thegioididong.com/laptop/lenovo-thinkpad-x1-carbon-ultra-7-21kc00agvn,LENOVO,ThinkPad
Lenovo Yoga 7 2in1 14IML9 Ultra 5 125H (83DJ00DMVN),26.990.000,16,GB,SSD,512,GB,14.0,"WUXGA, OLED, Cảm ứng","CPU: Ultra 5, 125H, 1.2GHz",Card: Intel Arc Graphics,Pin: 71Wh,1.49,,https://www.thegioididong.com/laptop/lenovo-yoga-7-2in1-14iml9-ultra-5-83dj00dmvn,LENOVO,Yoga
Lenovo IdeaPad Slim 5 14IMH9 Ultra 5 125H (83DA006TVN),23.690.000,16,GB,SSD,1,TB,14.0,"WUXGA, OLED","CPU: Ultra 5, 125H, 1.2GHz",Card: Intel Arc Graphics,Pin: 57Wh,1.48,,https://www.thegioididong.com/laptop/lenovo-ideapad-slim-5-14imh9-ultra-5-83da006tvn,LENOVO,IdeaPad
Lenovo Gaming LOQ Essential 15IAX9E i5 12450HX (83LK0036VN),19.790.000,12,GB,SSD,512,GB,15.6,"Full HD (1920 x 1080), 144Hz","CPU: i5, 12450HX, 3.1GHz",Card: RTX 3050 6GB,Pin: 57Wh,1.77,,https://www.thegioididong.com/laptop/lenovo-loq-15iax9e-i5-83lk0036vn,LENOVO,LOQ Gaming
Lenovo Legion 7 16IRX9 i9 14900H,66.790.000,32,GB,SSD,1,TB,16.0,"3.2K (3200 x 2000), 165Hz","CPU: i9, 14900HX, 2.2GHz",Card: RTX 4070 8GB,Pin: 99.9 Wh,2.24,,https://www.thegioididong.com/laptop/lenovo-legion-7-16irx9-i9-83fd004mvn,LENOVO,Legion Gaming
Lenovo ThinkPad E14 Gen 6 Ultra 5 125U (21M7004LVN),26.190.000,32,GB,SSD,1,TB,14.0,WUXGA,"CPU: Ultra 5, 125U, 1.3GHz",Card: Intel Graphics,Pin: 47 Wh,1.44,,https://www.thegioididong.com/laptop/lenovo-thinkpad-e14-ultra-5-21m7004lvn,LENOVO,ThinkPad
Lenovo Yoga Pro 7 14ASP9 R9 AI 365 (83HN0022VN),41.790.000,32,GB,SSD,1,TB,14.5,"2.8K (2880 x 1800) - OLED 16:10, 120Hz","CPU: Ryzen AI 9, 365, 2GHz",Card: AMD Radeon 880M,Pin: 73Wh,1.54,,https://www.thegioididong.com/laptop/lenovo-yoga-pro-7-14asp9-r9-83hn0022vn,LENOVO,Yoga
Lenovo Yoga Pro 7 14IMH9 Ultra 7 155H (83E2006MVN),47.090.000,32,GB,SSD,1,TB,14.5,"2.8K (2880 x 1800) - OLED 16:10, 120Hz","CPU: Ultra 7, 155H, 3.8GHz",Card: RTX 4050 6GB,Pin: 73Wh,1.59,,https://www.thegioididong.com/laptop/lenovo-yoga-pro-7-14imh9-ultra-7-83e2006mvn,LENOVO,Yoga
Lenovo Yoga Slim 7 15ILL9 Ultra 7 258V (83HM000GVN),42.790.000,32,GB,SSD,1,TB,15.3,"2.8K (2880 x 1800), 120Hz","CPU: Intel Core Ultra 7 Lunar Lake, 258V, 2.2GHz",Card: Intel Arc 140V,Pin: 70 Wh,1.53,,https://www.thegioididong.com/laptop/lenovo-yoga-slim-7-15ill9-ultra-7-83hm000gvn,LENOVO,Yoga
MSI Gaming GF63 Thin 12VE i5 12450H (460VN),18.490.000,16,GB,SSD,512,GB,15.6,"Full HD (1920 x 1080), 144Hz","CPU: i5, 12450H, 2GHz",Card: RTX 4050 6GB,"Pin: 3-cell Li-ion, 52.4 Wh",1.86,4.9,https://www.thegioididong.com/laptop/msi-gf63-thin-12ve-i5-460vn,MSI,Thin
MSI Gaming Thin 15 B12UCX i5 12450H (2046VN),15.990.000,16,GB,SSD,512,GB,15.6,"Full HD (1920 x 1080), 144Hz","CPU: i5, 12450H, 2GHz",Card: RTX 2050 4GB,"Pin: 3-cell Li-ion, 52.4 Wh",1.86,5.0,https://www.thegioididong.com/laptop/msi-thin-15-b12ucx-i5-2046vn,MSI,Thin
MSI Gaming Katana 15 B13UDXK i7 13620H (2077VN),23.990.000,16,GB,SSD,1,TB,15.6,"Full HD (1920 x 1080), 144Hz","CPU: i7, 13620H, 2.4GHz",Card: RTX 3050 6GB,"Pin: 3-cell, 53.5Wh",2.25,5.0,https://www.thegioididong.com/laptop/msi-katana-15-b13udxk-i7-2077vn,MSI,Katana
MSI Modern 14 C13M i5 1335U (611VN),12.490.000,16,GB,SSD,512,GB,14.0,Full HD (1920 x 1080),"CPU: i5, 1335U, 1.3GHz",Card: Intel Iris Xe,"Pin: 3-Cell, 39.3 Wh",1.4,5.0,https://www.thegioididong.com/laptop/msi-modern-14-c13m-i5-611vn?utm_flashsale=1,MSI,Modern
MSI Gaming GF63 Thin 12UC i7 12650H (887VN),16.990.000,8,GB,SSD,512,GB,15.6,"Full HD (1920 x 1080), 144Hz","CPU: i7, 12650H, 2.30 GHz",Card: RTX 3050 4GB,"Pin: 3-cell Li-ion, 52.4 Wh",1.86,5.0,https://www.thegioididong.com/laptop/msi-gaming-gf63-thin-12uc-i7-887vn?utm_flashsale=1,MSI,Thin
MSI Gaming Bravo 15 B7ED R5 7535HS (010VN),16.490.000,16,GB,SSD,512,GB,15.6,"Full HD (1920 x 1080), 144Hz","CPU: Ryzen 5, 7535HS, 3.3GHz",Card: RX 6550M 4GB,"Pin: 3-cell, 53.5Wh",2.25,4.9,https://www.thegioididong.com/laptop/msi-bravo-15-b7ed-r5-010vn,MSI,Bravo
MSI Gaming Cyborg 15 A13VEK i7 13620H (1423VN),24.990.000,16,GB,SSD,512,GB,15.6,"Full HD (1920 x 1080), 144Hz","CPU: i7, 13620H, 2.4GHz",Card: RTX 4050 6GB,"Pin: 3-cell, 53.5Wh",1.98,5.0,https://www.thegioididong.com/laptop/msi-cyborg-15-a13vek-i7-1423vn,MSI,Cyborg
MSI Gaming Katana 15 B13VFK i7 13620H (676VN),27.990.000,16,GB,SSD,1,TB,15.6,"Full HD (1920 x 1080), 144Hz","CPU: i7, 13620H, 2.4GHz",Card: RTX 4060 8GB,"Pin: 3-cell, 53.5Wh",2.25,4.9,https://www.thegioididong.com/laptop/msi-katana-15-b13vfk-i7-676vn,MSI,Katana
MSI Gaming Thin 15 B12UC i5 12450H (2045VN),17.490.000,16,GB,SSD,512,GB,15.6,"Full HD (1920 x 1080), 144Hz","CPU: i5, 12450H, 2GHz",Card: RTX 3050 4GB,"Pin: 3-cell Li-ion, 52.4 Wh",1.86,5.0,https://www.thegioididong.com/laptop/msi-thin-15-b12uc-i5-2045vn,MSI,Thin
MSI Gaming Thin GF63 12UC i5 12450H (803VN),15.490.000,8,GB,SSD,512,GB,15.6,"Full HD (1920 x 1080), 144Hz","CPU: i5, 12450H, 2GHz",Card: RTX 3050 4GB,"Pin: 3-cell Li-ion, 52.4 Wh",1.86,4.9,https://www.thegioididong.com/laptop/msi-gf63-12uc-i5-803vn,MSI,Thin
MSI Gaming GF63 Thin 12VE i5 12450H (460VN),17.490.000,8,GB,SSD,512,GB,15.6,"Full HD (1920 x 1080), 144Hz","CPU: i5, 12450H, 2GHz",Card: RTX 4050 6GB,"Pin: 3-cell Li-ion, 52.4 Wh",1.86,4.9,https://www.thegioididong.com/laptop/msi-gaming-gf63-thin-12ve-i5-460vn,MSI,Thin
MSI Gaming Thin 15 B13UCX i5 13420H (2080VN),16.990.000,16,GB,SSD,512,GB,15.6,"Full HD (1920 x 1080), 144Hz","CPU: i5, 13420H, 2.1GHz",Card: RTX 2050 4GB,"Pin: 3-cell Li-ion, 52.4 Wh",1.86,5.0,https://www.thegioididong.com/laptop/msi-thin-15-b13ucx-i5-2080vn,MSI,Thin
MSI Thin 15 B13UC i7 13620H (1411VN),21.490.000,32,GB,SSD,512,GB,15.6,"Full HD (1920 x 1080), 144Hz","CPU: i7, 13620H, 2.4GHz",Card: RTX 3050 4GB,"Pin: 3-cell Li-ion, 52.4 Wh",1.86,4.9,https://www.thegioididong.com/laptop/msi-thin-15-b13uc-i7-1411vn,MSI,Thin
MSI Gaming Katana A15 AI B8VG R7 8845HS (465VN),36.990.000,16,GB,SSD,1,TB,15.6,"Full HD (1920 x 1080), 144Hz","CPU: Ryzen 7, 8845HS, 3.8GHz",Card: RTX 4070 8GB,"Pin: 3-cell, 53.5Wh",2.25,5.0,https://www.thegioididong.com/laptop/msi-katana-a15-ai-b8vg-r7-465vn,MSI,Katana
MSI Gaming Stealth 14 AI Studio A1VFG Ultra 7 155H (085VN),46.990.000,32,GB,SSD,1,TB,14.0,"2.8K (2880 x 1800) - OLED, 120Hz","CPU: Ultra 7, 155H, 1.4GHz",Card: RTX 4060 8GB,"Pin: 4-cell, 72Wh",1.7,5.0,https://www.thegioididong.com/laptop/msi-stealth-14-ai-studio-a1vfg-ultra-7-085vn,MSI,Stealth
MSI Gaming Cyborg 14 A13VE i7 13620H (090VN),25.990.000,16,GB,SSD,512,GB,14.0,"Full HD+ (1920 x 1200), 144Hz","CPU: i7, 13620H, 2.4GHz",Card: RTX 4050 6GB,"Pin: 3-cell, 53.5Wh",1.6,5.0,https://www.thegioididong.com/laptop/msi-cyborg-14-a13ve-i7-090vn,MSI,Cyborg
MSI Gaming Thin A15 B7UCX R5 7535HS (020VN),15.490.000,8,GB,SSD,512,GB,15.6,"Full HD (1920 x 1080), 144Hz","CPU: Ryzen 5, 7535HS, 3.3GHz",Card: RTX 2050 4GB,"Pin: 3-cell, 53.5Wh",1.86,5.0,https://www.thegioididong.com/laptop/msi-gaming-thin-a15-b7ucx-r5-020vn,MSI,Thin
MSI Prestige 14 AI Studio C1VEG Ultra 7 155H (056VN),32.990.000,32,GB,SSD,1,TB,14.0,2.8K (2880 x 1800),"CPU: Ultra 7, 155H, 3.8GHz",Card: RTX 4050 6GB,"Pin: 4-cell, 90Wh",1.7,5.0,https://www.thegioididong.com/laptop/msi-prestige-14-ai-studio-c1veg-ultra-7-056vn,MSI,Prestige
MSI Prestige 13 AI Evo A1MG Ultra 7 155H (062VN),30.990.000,32,GB,SSD,1,TB,13.3,2.8K (2880 x 1800) - OLED 16:10,"CPU: Ultra 7, 155H, 1.4GHz",Card: Intel Arc Graphics,"Pin: 4-cell Li-ion, 75 Wh",0.99,5.0,https://www.thegioididong.com/laptop/msi-prestige-13-ai-evo-a1mg-ultra-7-062vn,MSI,Prestige
MSI Gaming Sword 16 HX B14VFKG i7 14700HX (045VN),35.490.000,16,GB,SSD,1,TB,16.0,"QHD+ (2560 x 1600), 240Hz","CPU: i7, 14700HX, 2.1GHz",Card: RTX 4060 8GB,"Pin: 4-cell, 65Wh",2.3,4.9,https://www.thegioididong.com/laptop/msi-gaming-sword-16-hx-b14vfkg-i7-045vn,MSI,Sword
MSI Prestige 14 AI Studio C1UDXG Ultra 7 155H (058VN),26.990.000,16,GB,SSD,1,TB,14.0,"Full HD+ (1920 x 1200), 144Hz","CPU: Ultra 7, 155H, 3.8GHz",Card: RTX 3050 6GB,"Pin: 4-cell, 90Wh",1.7,5.0,https://www.thegioididong.com/laptop/msi-prestige-14-ai-studio-c1udxg-ultra-7-058vn,MSI,Prestige
MSI Gaming Katana A15 AI B8VF R7 8845HS (419VN),28.490.000,16,GB,SSD,512,GB,15.6,"Full HD (1920 x 1080), 144Hz","CPU: Ryzen 7, 8845HS, 3.8GHz",Card: RTX 4060 8GB,"Pin: 3-cell, 53.5Wh",2.25,5.0,https://www.thegioididong.com/laptop/msi-gaming-katana-a15-ai-b8vf-r7-419vn,MSI,Katana
MSI Gaming Katana 15 B13VGK i7 13620H (1211VN),36.490.000,16,GB,SSD,1,TB,15.6,"Full HD (1920 x 1080), 144Hz","CPU: i7, 13620H, 2.4GHz",Card: RTX 4070 8GB,"Pin: 3-cell, 53.5Wh",2.25,,https://www.thegioididong.com/laptop/msi-gaming-katana-15-b13vgk-i7-1211vn,MSI,Katana
MSI Gaming Katana A15 AI B8VE R7 8845HS (402VN),26.490.000,16,GB,SSD,512,GB,15.6,"Full HD (1920 x 1080), 144Hz","CPU: Ryzen 7, 8845HS, 3.8GHz",Card: RTX 4050 6GB,"Pin: 3-cell, 53.5Wh",2.25,,https://www.thegioididong.com/laptop/msi-gaming-katana-a15-ai-b8ve-r7-402vn,MSI,Katana
MSI Gaming Cyborg 15 AI A1VEK Ultra 7 155H (053VN),27.990.000,16,GB,SSD,512,GB,15.6,"Full HD (1920 x 1080), 144Hz","CPU: Ultra 7, 155H, 1.4GHz",Card: RTX 4050 6GB,"Pin: 3-cell, 53.5Wh",1.98,5.0,https://www.thegioididong.com/laptop/msi-gaming-cyborg-15-ai-a1vek-ultra-7-053vn,MSI,Cyborg
MSI Gaming Stealth 16 Mercedes AMG A1VGG Ultra 9 185H (293VN),64.990.000,32,GB,SSD,2,TB,16.0,"WQXGA+ (2560 x 1600) - OLED 16:10, 240Hz","CPU: Ultra 9, 185H, 2.30 GHz",Card: RTX 4070 8GB,"Pin: 4-cell, 99.9Wh",1.99,,https://www.thegioididong.com/laptop/msi-stealth-16-mercedes-amg-a1vgg-ultra-9-293vn,MSI,Stealth
MSI Creator M16 HX C14VFG i7 14700HX (040VN),41.490.000,32,GB,SSD,1,TB,16.0,"QHD+ (2560 x 1600) 16:10, 240Hz","CPU: i7, 14700HX",Card: RTX 4060 8GB,"Pin: 4-cell, 65Wh",2.38,5.0,https://www.thegioididong.com/laptop/msi-creator-m16-hx-c14vfg-i7-040vn,MSI,Creator
MSI Cyborg 15 A13VFK i7 13620H (876VN),26.990.000,16,GB,SSD,512,GB,15.6,"Full HD (1920 x 1080), 144Hz","CPU: i7, 13620H, 2.4GHz",Card: RTX 4060 8GB,"Pin: 3-cell, 53.5Wh",1.98,5.0,https://www.thegioididong.com/laptop/msi-cyborg-15-a13vfk-i7-876vn,MSI,Cyborg
MSI Prestige 13 AI+ A2VMG Ultra 7 258V (040VN),35.490.000,32,GB,SSD,1,TB,13.3,2.8K (2880 x 1800) - OLED 16:10,"CPU: Intel Core Ultra 7 Lunar Lake, 258V, 2.2GHz",Card: Intel Arc 140V,"Pin: 4-cell Li-ion, 75 Wh",0.99,,https://www.thegioididong.com/laptop/msi-prestige-13-ai-a2vmg-ultra-7-258v-040vn,MSI,Prestige
MSI Prestige 16 AI+ B2VMG Ultra 9 288V (016VN),42.490.000,32,GB,SSD,1,TB,16.0,4K/UHD+ (3840 x 2400) OLED,"CPU: Intel Core Ultra 9 Lunar Lake, 288V, 3.3GHz",Card: Intel Arc 140V,"Pin: 4-cell, 99.9Wh",1.5,,https://www.thegioididong.com/laptop/msi-prestige-16-ai-b2vmg-ultra-9-288v-016vn,MSI,Prestige
MSI Stealth A16 AI+ A3XVGG R9 AI HX 370 (208VN),68.490.000,32,GB,SSD,2,TB,16.0,"4K/UHD+ (3840 x 2400), 120Hz","CPU: Ryzen AI 9, HX 370, 2GHz",Card: RTX 4070 8GB,"Pin: 4-cell, 99.9Wh",2.1,,https://www.thegioididong.com/laptop/msi-stealth-a16-ai-a3xvgg-r9-ai-hx-370-208vn,MSI,Stealth
MSI Creator Z17 HX Studio A14VGT i7 14700HX (272VN),65.490.000,32,GB,SSD,2,TB,17.0,"QHD+ (2560 x 1600) 16:10, 165Hz","CPU: i7, 14700HX, 2.1GHz",Card: RTX 4070 8GB,"Pin: 4-cell, 90 Wh",2.49,,https://www.thegioididong.com/laptop/msi-creator-z17-hx-studio-a14vgt-i7-272vn,MSI,Creator
MSI Modern 15 B12MO,12.490.000,16,GB,SSD,512,GB,15.6,Full HD (1920 x 1080),"CPU: i5, 1235U, 1.3GHz",Card: Intel Iris Xe,"Pin: 3-Cell, 39.3 Wh",1.7,4.9,https://www.thegioididong.com/laptop/msi-modern-15-b12mo-i5-628vn,MSI,Modern
MSI Gaming Katana A15 AI B8VG R9 8945HS (466VN),38.490.000,16,GB,SSD,1,TB,15.6,"Full HD (1920 x 1080), 144Hz","CPU: Ryzen 9, 8945HS, 4GHz",Card: RTX 4070 8GB,"Pin: 3-cell, 53.5Wh",2.25,,https://www.thegioididong.com/laptop/msi-katana-a15-ai-b8vg-r9-466vn,MSI,Katana
Samsung Galaxy Chromebook Go XE340XDA N4500,8.990.000,4,GB,eMMC,32,GB,14.0,HD (1366 x 768),"CPU: Celeron, N4500, 1.1GHz",Card: Intel UHD,"Pin: 2 cell Li-ion, 42.3 Wh",1.145,5.0,https://www.thegioididong.com/laptop/samsung-galaxy-chromebook-go-xe340xda-n4500,SAMSUNG,Chromebook 
Samsung Galaxy Chromebook Go XE310XDA N4500,7.990.000,4,GB,eMMC,32,GB,11.6,HD (1366 x 768),"CPU: Celeron, N4500, 1.1GHz",Card: Intel UHD,"Pin: 2 cell Li-ion, 40.2 Wh",1.06,5.0,https://www.thegioididong.com/laptop/samsung-galaxy-chromebook-go-xe310xda-n4500,SAMSUNG,Chromebook 
